date,MCD43A3,MOD09GA,MOD10A1,AWS,glacier_fraction_MCD43A3,glacier_fraction_MOD09GA,glacier_fraction_MOD10A1,glacier_fraction,solar_zenith_MCD43A3,solar_zenith_MOD09GA,solar_zenith_MOD10A1,solar_zenith,ndsi_MCD43A3,ndsi_MOD09GA,ndsi_MOD10A1,ndsi,pixel_id_MCD43A3,pixel_id_MOD09GA,pixel_id_MOD10A1,pixel_id
2014-09-13,0.204,0.5912414468602247,0.46,0.753021850747767,0.9692000000002198,0.6586666666677538,0.6586666666677538,0.9692000000002198,-999.0,50.34,-999.0,50.34,-999.0,0.779054583442152,8302.0,0.779054583442152,9073025950.0,9075025945.0,9075025945.0,9073025950.0
2014-09-14,0.209,0.4044489007278629,0.35,0.604579939202847,0.9692000000002198,0.8139333333339868,0.8139333333339868,0.9692000000002198,-999.0,49.165,-999.0,49.165,-999.0,0.8660205422035554,7627.5,0.8660205422035554,9073025950.0,9073025950.0,9073025950.0,9073025950.0
2014-09-15,,0.2465901101478064,0.3,0.477195826233678,,0.9692000000002198,0.6586666666677538,0.9692000000002198,,51.76,-999.0,51.76,,0.5896937287311619,8742.0,0.5896937287311619,,9073025950.0,9075025945.0,9073025950.0
2014-09-16,,0.2510186766150063,,0.368135244611364,,0.9692000000002198,,0.9692000000002198,,50.19,,50.19,,0.8471656749138742,,0.8471656749138742,,9073025950.0,,9073025950.0
2014-09-19,,,0.39,0.328178996866545,,,0.6586666666677538,0.6586666666677538,,,-999.0,,,,3701.0,3701.0,,,9075025945.0,9075025945.0
2014-09-20,0.306,0.2722394777568382,0.235,0.372609175251852,0.6586666666677538,0.9692000000002198,0.8139333333339868,0.6586666666677538,-999.0,52.56,-999.0,52.56,-999.0,0.7460805410390409,8813.5,0.7460805410390409,9075025945.0,9073025950.0,9073025950.0,9075025945.0
2014-09-21,0.214,0.2379347154158831,0.095,0.353812193941216,0.9692000000002198,0.9692000000002198,0.8139333333339868,0.9692000000002198,-999.0,51.75,-999.0,51.75,-999.0,0.7224306076519129,7402.5,0.7224306076519129,9073025950.0,9073025950.0,9073025950.0,9073025950.0
2014-09-22,0.214,0.2485360028601738,,0.295265279949128,0.9692000000002198,0.6586666666677538,,0.9692000000002198,-999.0,52.77,,52.77,-999.0,0.6788715486194479,,0.6788715486194479,9073025950.0,9075025945.0,,9073025950.0
2014-09-26,,0.2796791039977989,0.16499999999999998,0.337818469428167,,0.6586666666677538,0.8139333333339868,0.6586666666677538,,53.76,-999.0,53.76,,0.5653393157599551,3308.5,0.5653393157599551,,9075025945.0,9073025950.0,9075025945.0
2014-09-27,,0.33458186521202393,0.29,0.457718317201158,,0.8139333333339868,0.6586666666677538,0.8139333333339868,,54.9,-999.0,54.9,,0.857036183738394,9789.0,0.857036183738394,,9073025950.0,9075025945.0,9073025950.0
2014-09-28,,0.2779868801913823,0.21,0.481360159544314,,0.8139333333339868,0.6586666666677538,0.8139333333339868,,54.425,-999.0,54.425,,0.6880618569063109,8078.0,0.6880618569063109,,9073025950.0,9075025945.0,9073025950.0
2014-09-29,,0.3334197151503102,,0.373613741487458,,0.8139333333339868,,0.8139333333339868,,56.15,,56.15,,0.48379724481158914,,0.48379724481158914,,9073025950.0,,9073025950.0
2015-07-14,0.20550000000000002,0.25419383790799216,,0.311645292674277,0.8139333333339868,0.9692000000002198,,0.8139333333339868,-999.0,33.62,,33.62,-999.0,0.6326969615488035,,0.6326969615488035,9073025950.0,9073025950.0,,9073025950.0
2015-07-15,0.20550000000000002,,,0.308884326285328,0.8139333333339868,,,0.8139333333339868,-999.0,,,,-999.0,,,,9073025950.0,,,9073025950.0
2015-07-16,0.20550000000000002,0.4452542359475632,,0.463899872936585,0.8139333333339868,0.6586666666677538,,0.8139333333339868,-999.0,34.980000000000004,,34.980000000000004,-999.0,0.6564720420142107,,0.6564720420142107,9073025950.0,9075025945.0,,9073025950.0
2015-07-17,0.20550000000000002,,,0.321048943892074,0.8139333333339868,,,0.8139333333339868,-999.0,,,,-999.0,,,,9073025950.0,,,9073025950.0
2015-07-18,0.20550000000000002,,,0.313591637403782,0.8139333333339868,,,0.8139333333339868,-999.0,,,,-999.0,,,,9073025950.0,,,9073025950.0
2015-07-19,,0.3321963277929096,,0.281527305258288,,0.9692000000002198,,0.9692000000002198,,32.93,,32.93,,0.1059667427453537,,0.1059667427453537,,9073025950.0,,9073025950.0
2015-07-20,,0.0442458147674053,0.03,0.26823542552591,,0.6586666666677538,0.6586666666677538,0.6586666666677538,,31.68,-999.0,31.68,,0.101311084624553,5249.0,0.101311084624553,,9075025945.0,9075025945.0,9075025945.0
2015-07-23,,,0.24,0.321079027434535,,,0.9692000000002198,0.9692000000002198,,,-999.0,,,,3538.0,3538.0,,,9073025950.0,9073025950.0
2015-07-25,0.178,,,0.312690866163698,0.9692000000002198,,,0.9692000000002198,-999.0,,,,-999.0,,,,9073025950.0,,,9073025950.0
2015-07-26,0.178,,0.17,0.329917723673692,0.9692000000002198,,0.9692000000002198,0.9692000000002198,-999.0,,-999.0,,-999.0,,6287.0,6287.0,9073025950.0,,9073025950.0,9073025950.0
2015-07-27,0.178,,,0.353395855428515,0.9692000000002198,,,0.9692000000002198,-999.0,,,,-999.0,,,,9073025950.0,,,9073025950.0
2015-07-28,0.178,0.329643284690807,,0.366009733995168,0.9692000000002198,0.6586666666677538,,0.9692000000002198,-999.0,34.4,,34.4,-999.0,0.3591022443890274,,0.3591022443890274,9073025950.0,9075025945.0,,9073025950.0
2015-07-29,0.185,0.2274442371890011,0.21,0.284762361531905,0.9692000000002198,0.9692000000002198,0.9692000000002198,0.9692000000002198,-999.0,33.58,-999.0,33.58,-999.0,0.1893780573025856,3277.0,0.1893780573025856,9073025950.0,9073025950.0,9073025950.0,9073025950.0
2015-07-30,0.185,0.2387616066662476,0.22,0.280720674653172,0.9692000000002198,0.8139333333339868,0.9692000000002198,0.9692000000002198,-999.0,35.510000000000005,-999.0,35.510000000000005,-999.0,0.7452729540970808,6876.0,0.7452729540970808,9073025950.0,9073025950.0,9073025950.0,9073025950.0
2015-07-31,0.185,0.19224195360906815,,0.266579615583736,0.9692000000002198,0.8139333333339868,,0.9692000000002198,-999.0,34.52,,34.52,-999.0,0.7172835847381223,,0.7172835847381223,9073025950.0,9073025950.0,,9073025950.0
2015-08-01,0.187,0.1862288611983326,,0.267073241987752,0.9692000000002198,0.9692000000002198,,0.9692000000002198,-999.0,38.13,,38.13,-999.0,0.6410550458715597,,0.6410550458715597,9073025950.0,9073025950.0,,9073025950.0
2015-08-02,0.187,0.379992971636951,,0.262955059165349,0.9692000000002198,0.6586666666677538,,0.9692000000002198,-999.0,35.51,,35.51,-999.0,0.3268702536758766,,0.3268702536758766,9073025950.0,9075025945.0,,9073025950.0
2015-08-03,0.188,,,0.264270292859877,0.9692000000002198,,,0.9692000000002198,-999.0,,,,-999.0,,,,9073025950.0,,,9073025950.0
2015-08-04,0.189,,,0.273827954025652,0.9692000000002198,,,0.9692000000002198,-999.0,,,,-999.0,,,,9073025950.0,,,9073025950.0
2015-08-05,0.189,0.2267614606248905,0.25,0.274302030577506,0.9692000000002198,0.9692000000002198,0.9692000000002198,0.9692000000002198,-999.0,41.38,-999.0,41.38,-999.0,0.3621500559910415,2323.0,0.3621500559910415,9073025950.0,9073025950.0,9073025950.0,9073025950.0
2015-08-06,0.189,,,0.329511767171787,0.9692000000002198,,,0.9692000000002198,-999.0,,,,-999.0,,,,9073025950.0,,,9073025950.0
2015-08-07,0.189,,,0.287620849981953,0.9692000000002198,,,0.9692000000002198,-999.0,,,,-999.0,,,,9073025950.0,,,9073025950.0
2015-08-08,0.187,0.2056031125267029,,0.267708010566262,0.9692000000002198,0.9692000000002198,,0.9692000000002198,-999.0,39.34,,39.34,-999.0,0.6147859922178989,,0.6147859922178989,9073025950.0,9073025950.0,,9073025950.0
2015-08-09,0.199,0.1417697015689331,,0.274261670252109,0.9692000000002198,0.9692000000002198,,0.9692000000002198,-999.0,37.1,,37.1,-999.0,0.3137651821862348,,0.3137651821862348,9073025950.0,9073025950.0,,9073025950.0
2015-08-11,,0.24891334250253555,,0.265973284844053,,0.9692000000002198,,0.9692000000002198,,38.2,,38.2,,0.7841269841269841,,0.7841269841269841,,9073025950.0,,9073025950.0
2015-08-12,,0.09613894326815257,,0.244075203837774,,0.8139333333339868,,0.8139333333339868,,39.93000000000001,,39.93000000000001,,0.0599411495721677,,0.0599411495721677,,9073025950.0,,9073025950.0
2015-08-13,,0.17453213069247614,,0.244809399347604,,0.8139333333339868,,0.8139333333339868,,39.435,,39.435,,0.599903860723448,,0.599903860723448,,9073025950.0,,9073025950.0
2015-08-16,0.628,0.2386409523464189,0.2,0.299865356342773,0.9692000000002198,0.9692000000002198,0.9692000000002198,0.9692000000002198,-999.0,38.97,-999.0,38.97,-999.0,0.6127864897466828,5978.0,0.6127864897466828,9073025950.0,9073025950.0,9073025950.0,9073025950.0
2015-08-17,0.628,,,0.313267953111018,0.9692000000002198,,,0.9692000000002198,-999.0,,,,-999.0,,,,9073025950.0,,,9073025950.0
2015-08-18,0.628,,,0.302876941133768,0.9692000000002198,,,0.9692000000002198,-999.0,,,,-999.0,,,,9073025950.0,,,9073025950.0
2015-08-19,0.628,0.1827065687069519,0.14,0.274469099071558,0.9692000000002198,0.9692000000002198,0.9692000000002198,0.9692000000002198,-999.0,39.59,-999.0,39.59,-999.0,0.6269681065805409,4153.0,0.6269681065805409,9073025950.0,9073025950.0,9073025950.0,9073025950.0
2015-08-20,0.628,,,0.299198905701495,0.9692000000002198,,,0.9692000000002198,-999.0,,,,-999.0,,,,9073025950.0,,,9073025950.0
2015-08-21,0.628,,,0.937282061161765,0.9692000000002198,,,0.9692000000002198,-999.0,,,,-999.0,,,,9073025950.0,,,9073025950.0
2015-08-22,0.628,0.7345158126342831,0.6625,0.792579597764104,0.9692000000002198,0.8139333333339868,0.8139333333339868,0.9692000000002198,-999.0,42.495000000000005,-999.0,42.495000000000005,-999.0,0.8385849539124006,8378.5,0.8385849539124006,9073025950.0,9073025950.0,9073025950.0,9073025950.0
2015-08-23,0.214,,0.41,0.506624549719819,0.9692000000002198,,0.6586666666677538,0.9692000000002198,-999.0,,-999.0,,-999.0,,7733.0,7733.0,9073025950.0,,9075025945.0,9073025950.0
2015-08-24,0.213,0.1916743499719727,,0.267671760883185,0.9692000000002198,0.9692000000002198,,0.9692000000002198,-999.0,43.93,,43.93,-999.0,0.6189290161892901,,0.6189290161892901,9073025950.0,9073025950.0,,9073025950.0
2015-08-25,0.213,,,0.262165302584839,0.9692000000002198,,,0.9692000000002198,-999.0,,,,-999.0,,,,9073025950.0,,,9073025950.0
2015-08-26,0.213,0.2359215719681688,,0.261050510521051,0.9692000000002198,0.6586666666677538,,0.9692000000002198,-999.0,45.46,,45.46,-999.0,0.5173637515842839,,0.5173637515842839,9073025950.0,9075025945.0,,9073025950.0
2015-08-27,0.213,0.2393829337191635,,0.251111983536992,0.9692000000002198,0.9692000000002198,,0.9692000000002198,-999.0,43.17,,43.17,-999.0,0.8024928092042187,,0.8024928092042187,9073025950.0,9073025950.0,,9073025950.0
2015-08-28,0.213,,,0.280719834534902,0.9692000000002198,,,0.9692000000002198,-999.0,,,,-999.0,,,,9073025950.0,,,9073025950.0
2015-08-29,0.213,0.3022661782199198,,0.263426825593077,0.9692000000002198,0.9692000000002198,,0.9692000000002198,-999.0,44.41,,44.41,-999.0,0.2152819890842935,,0.2152819890842935,9073025950.0,9073025950.0,,9073025950.0
2015-08-30,0.213,,,0.29797382421046,0.9692000000002198,,,0.9692000000002198,-999.0,,,,-999.0,,,,9073025950.0,,,9073025950.0
2015-08-31,0.213,,,0.404760910997325,0.9692000000002198,,,0.9692000000002198,-999.0,,,,-999.0,,,,9073025950.0,,,9073025950.0
2015-09-02,,,0.56,0.855163850322741,,,0.6586666666677538,0.6586666666677538,,,-999.0,,,,6358.0,6358.0,,,9075025945.0,9075025945.0
2015-09-10,,,0.15,0.304873264118292,,,0.9692000000002198,0.9692000000002198,,,-999.0,,,,5281.0,5281.0,,,9073025950.0,9073025950.0
2015-09-11,,0.21359003516390573,0.3,0.340091773506708,,0.8139333333339868,0.6586666666677538,0.8139333333339868,,47.855000000000004,-999.0,47.855000000000004,,0.6845618083405367,7846.0,0.6845618083405367,,9073025950.0,9075025945.0,9073025950.0
2015-09-12,0.309,0.2236499607490226,0.12,0.273043667045822,0.6586666666677538,0.8139333333339868,0.9692000000002198,0.6586666666677538,-999.0,48.8,-999.0,48.8,-999.0,0.8135183938200006,7801.0,0.8135183938200006,9075025945.0,9073025950.0,9073025950.0,9075025945.0
2015-09-13,0.309,0.1197956415952562,0.14250000000000002,0.285879110052138,0.6586666666677538,0.6586666666677538,0.8139333333339868,0.6586666666677538,-999.0,53.64,-999.0,53.64,-999.0,0.3966942148760331,5093.0,0.3966942148760331,9075025945.0,9075025945.0,9073025950.0,9075025945.0
2015-09-14,0.308,,,0.770185842311462,0.6586666666677538,,,0.6586666666677538,-999.0,,,,-999.0,,,,9075025945.0,,,9075025945.0
2015-09-16,0.307,,,0.753411774784098,0.6586666666677538,,,0.6586666666677538,-999.0,,,,-999.0,,,,9075025945.0,,,9075025945.0
2015-09-17,0.307,,,0.751420467968077,0.6586666666677538,,,0.6586666666677538,-999.0,,,,-999.0,,,,9075025945.0,,,9075025945.0
2016-06-01,,,0.59,0.54901733756268,,,0.6586666666677538,0.6586666666677538,,,-999.0,,,,8235.0,8235.0,,,9075025945.0,9075025945.0
2016-06-02,0.211,,,0.325101948040872,0.9692000000002198,,,0.9692000000002198,-999.0,,,,-999.0,,,,9073025950.0,,,9073025950.0
2016-06-03,0.211,,,0.345566744104766,0.9692000000002198,,,0.9692000000002198,-999.0,,,,-999.0,,,,9073025950.0,,,9073025950.0
2016-06-04,0.211,,,0.260609376718186,0.9692000000002198,,,0.9692000000002198,-999.0,,,,-999.0,,,,9073025950.0,,,9073025950.0
2016-06-05,0.211,0.2846533111885632,,0.2898574462199,0.9692000000002198,0.9692000000002198,,0.9692000000002198,-999.0,31.69,,31.69,-999.0,0.6310947562097516,,0.6310947562097516,9073025950.0,9073025950.0,,9073025950.0
2016-06-06,0.211,0.1941636574717671,,0.262660065648888,0.9692000000002198,0.6586666666677538,,0.9692000000002198,-999.0,29.62,,29.62,-999.0,0.6882154882154882,,0.6882154882154882,9073025950.0,9075025945.0,,9073025950.0
2016-06-07,0.211,,,0.253826169887569,0.9692000000002198,,,0.9692000000002198,-999.0,,,,-999.0,,,,9073025950.0,,,9073025950.0
2016-06-08,0.211,,,0.27885648783365,0.9692000000002198,,,0.9692000000002198,-999.0,,,,-999.0,,,,9073025950.0,,,9073025950.0
2016-06-09,0.211,,,0.289501264476181,0.9692000000002198,,,0.9692000000002198,-999.0,,,,-999.0,,,,9073025950.0,,,9073025950.0
2016-06-10,0.211,,,0.372541123939497,0.9692000000002198,,,0.9692000000002198,-999.0,,,,-999.0,,,,9073025950.0,,,9073025950.0
2016-06-11,0.211,,,0.550093980344191,0.9692000000002198,,,0.9692000000002198,-999.0,,,,-999.0,,,,9073025950.0,,,9073025950.0
2016-06-12,0.211,,,0.657162513566479,0.9692000000002198,,,0.9692000000002198,-999.0,,,,-999.0,,,,9073025950.0,,,9073025950.0
2016-06-13,0.216,,,0.43350886764784,0.9692000000002198,,,0.9692000000002198,-999.0,,,,-999.0,,,,9073025950.0,,,9073025950.0
2016-06-14,0.205,,,0.636604765174595,0.9692000000002198,,,0.9692000000002198,-999.0,,,,-999.0,,,,9073025950.0,,,9073025950.0
2016-06-20,,0.24900292301098,0.22,0.317926813361779,,0.6586666666677538,0.6586666666677538,0.6586666666677538,,28.8,-999.0,28.8,,0.7859139183901621,7755.0,0.7859139183901621,,9075025945.0,9075025945.0,9075025945.0
2016-06-26,,0.23537963679049664,,0.283318914683904,,0.8139333333339868,,0.8139333333339868,,30.61,,30.61,,0.5367617226375612,,0.5367617226375612,,9073025950.0,,9073025950.0
2016-06-27,,0.21220111501739486,0.2,0.297218304971072,,0.8139333333339868,0.8139333333339868,0.8139333333339868,,28.935000000000002,-999.0,28.935000000000002,,0.48933821678777223,5204.0,0.48933821678777223,,9073025950.0,9073025950.0,9073025950.0
2016-06-28,0.216,0.1867128573860347,,0.289650247022581,0.9692000000002198,0.9692000000002198,,0.9692000000002198,-999.0,31.05,,31.05,-999.0,0.6001417936901807,,0.6001417936901807,9073025950.0,9073025950.0,,9073025950.0
2016-06-29,0.223,0.2246147160602499,,0.276528884236837,0.9692000000002198,0.8139333333339868,,0.9692000000002198,-999.0,29.19,,29.19,-999.0,0.6217560290425599,,0.6217560290425599,9073025950.0,9073025950.0,,9073025950.0
2016-06-30,0.223,,,0.278980865566203,0.9692000000002198,,,0.9692000000002198,-999.0,,,,-999.0,,,,9073025950.0,,,9073025950.0
2016-07-01,0.224,,,0.259017202135103,0.9692000000002198,,,0.9692000000002198,-999.0,,,,-999.0,,,,9073025950.0,,,9073025950.0
2016-07-02,0.224,,,0.248689196685278,0.9692000000002198,,,0.9692000000002198,-999.0,,,,-999.0,,,,9073025950.0,,,9073025950.0
2016-07-03,0.225,,0.47,0.257585867086187,0.9692000000002198,,0.6586666666677538,0.9692000000002198,-999.0,,-999.0,,-999.0,,5370.0,5370.0,9073025950.0,,9075025945.0,9073025950.0
2016-07-04,0.225,,,0.357472843156073,0.9692000000002198,,,0.9692000000002198,-999.0,,,,-999.0,,,,9073025950.0,,,9073025950.0
2016-07-08,,0.2652468952934343,,0.249607821990388,,0.9692000000002198,,0.9692000000002198,,30.19,,30.19,,0.1902904204594711,,0.1902904204594711,,9073025950.0,,9073025950.0
2016-07-18,,0.2366593271057941,,0.226876370763702,,0.9692000000002198,,0.9692000000002198,,31.6,,31.6,,0.5248769819573538,,0.5248769819573538,,9073025950.0,,9073025950.0
2016-07-22,,0.2034492642367436,,0.24324263320115,,0.9692000000002198,,0.9692000000002198,,32.15,,32.15,,0.26131850675139,,0.26131850675139,,9073025950.0,,9073025950.0
2016-07-26,,0.2195071255008795,,0.235169134322325,,0.9692000000002198,,0.9692000000002198,,33.77,,33.77,,0.7050921587004061,,0.7050921587004061,,9073025950.0,,9073025950.0
2016-07-27,,0.26179487751314257,,0.240729226203748,,0.8139333333339868,,0.8139333333339868,,33.25,,33.25,,0.22476665216160285,,0.22476665216160285,,9073025950.0,,9073025950.0
2016-07-28,,0.2388469810687041,,0.243456303244673,,0.9692000000002198,,0.9692000000002198,,34.81,,34.81,,0.6582857142857143,,0.6582857142857143,,9073025950.0,,9073025950.0
2016-07-29,,0.09303386776425321,0.12,0.241359208259424,,0.8139333333339868,0.6586666666677538,0.8139333333339868,,36.55,-999.0,36.55,,0.3521385067504329,5615.0,0.3521385067504329,,9073025950.0,9075025945.0,9073025950.0
2016-08-01,,0.3097201880592212,,0.255255784308607,,0.6586666666677538,,0.6586666666677538,,35.02,,35.02,,0.3533555802743789,,0.3533555802743789,,9075025945.0,,9075025945.0
2016-08-02,,0.15415123265361164,,0.263267139900705,,0.8139333333339868,,0.8139333333339868,,35.225,,35.225,,0.43631838920811655,,0.43631838920811655,,9073025950.0,,9073025950.0
2016-08-03,,0.1009815195328334,,0.248215505905194,,0.9692000000002198,,0.9692000000002198,,35.2,,35.2,,0.383153894870171,,0.383153894870171,,9073025950.0,,9073025950.0
2016-08-05,0.17,0.185885092245813,,0.25078273186947,0.9692000000002198,0.6586666666677538,,0.9692000000002198,-999.0,35.54,,35.54,-999.0,0.0166282936812484,,0.0166282936812484,9073025950.0,9075025945.0,,9073025950.0
2016-08-06,0.17,0.21328951869578525,,0.242430780852578,0.9692000000002198,0.8139333333339868,,0.9692000000002198,-999.0,37.385000000000005,,37.385000000000005,-999.0,0.6753186950203017,,0.6753186950203017,9073025950.0,9073025950.0,,9073025950.0
2016-08-07,,0.1402375115129469,0.15,0.237120252251398,,0.8139333333339868,0.6586666666677538,0.8139333333339868,,42.09,-999.0,42.09,,0.009093783305541545,6986.0,0.009093783305541545,,9073025950.0,9075025945.0,9073025950.0
2016-08-11,,0.1188771384695359,,0.242009230997101,,0.6586666666677538,,0.6586666666677538,,37.9,,37.9,,0.6825588412794207,,0.6825588412794207,,9075025945.0,,9075025945.0
2016-08-15,,0.24544652480584833,,0.24745893539219,,0.8139333333339868,,0.8139333333339868,,40.26,,40.26,,0.8591034454292017,,0.8591034454292017,,9073025950.0,,9073025950.0
2016-08-17,,0.21055348229324922,,0.238283446546182,,0.8139333333339868,,0.8139333333339868,,41.63,,41.63,,0.7560151539124167,,0.7560151539124167,,9073025950.0,,9073025950.0
2016-08-19,,,0.21,0.272742691037199,,,0.9692000000002198,0.9692000000002198,,,-999.0,,,,6326.0,6326.0,,,9073025950.0,9073025950.0
2016-08-20,,0.1715805655788153,,0.257019334564466,,0.9692000000002198,,0.9692000000002198,,40.9,,40.9,,0.3943217665615142,,0.3943217665615142,,9073025950.0,,9073025950.0
2016-08-25,,0.8718714406769101,0.21,0.247603328173105,,0.6586666666677538,0.9692000000002198,0.6586666666677538,,42.0,-999.0,42.0,,0.4157763127983632,1955.0,0.4157763127983632,,9075025945.0,9073025950.0,9075025945.0
2016-08-28,,0.2877505310391416,,0.280563525930102,,0.9692000000002198,,0.9692000000002198,,43.04,,43.04,,0.4334438654666035,,0.4334438654666035,,9073025950.0,,9073025950.0
2016-08-30,,0.12760943719017726,0.10500000000000001,0.248878155117273,,0.8139333333339868,0.8139333333339868,0.8139333333339868,,43.59,-999.0,43.59,,0.3945894813961073,5457.5,0.3945894813961073,,9073025950.0,9073025950.0,9073025950.0
2016-08-31,,0.2267008896876188,,0.258378981276829,,0.9692000000002198,,0.9692000000002198,,45.14,,45.14,,0.577319587628866,,0.577319587628866,,9073025950.0,,9073025950.0
2016-09-01,,0.1602590300444045,,0.267630828524435,,0.9692000000002198,,0.9692000000002198,,44.37,,44.37,,0.100231303006939,,0.100231303006939,,9073025950.0,,9073025950.0
2016-09-07,,0.5804395680221442,,0.360277410932956,,0.6586666666677538,,0.6586666666677538,,47.51,,47.51,,0.4620855937311633,,0.4620855937311633,,9075025945.0,,9075025945.0
2016-09-08,,0.4460795697401516,,0.528011977231215,,0.9692000000002198,,0.9692000000002198,,51.45,,51.45,,0.3182119644515188,,0.3182119644515188,,9073025950.0,,9073025950.0
2016-09-12,,0.4646145263708171,0.43,0.781278452429302,,0.8139333333339868,0.9692000000002198,0.8139333333339868,,48.735,-999.0,48.735,,0.7870077634658988,7497.0,0.7870077634658988,,9073025950.0,9073025950.0,9073025950.0
2016-09-13,,0.13145490492050085,0.33,0.688414096814954,,0.8139333333339868,0.9692000000002198,0.8139333333339868,,51.66,-999.0,51.66,,0.5555849663763781,7100.0,0.5555849663763781,,9073025950.0,9073025950.0,9073025950.0
2016-09-14,,0.2276917296621258,,0.417030659135058,,0.9692000000002198,,0.9692000000002198,,51.16,,51.16,,0.1731731731731731,,0.1731731731731731,,9073025950.0,,9073025950.0
2016-09-15,,0.1392623531491778,0.095,0.26601399014962,,0.8139333333339868,0.8139333333339868,0.8139333333339868,,49.61,-999.0,49.61,,0.3580229927230477,5276.0,0.3580229927230477,,9073025950.0,9073025950.0,9073025950.0
2016-09-16,,0.28374188663961847,,0.246100872766789,,0.8139333333339868,,0.8139333333339868,,51.025000000000006,,51.025000000000006,,0.3760846198121075,,0.3760846198121075,,9073025950.0,,9073025950.0
2016-09-17,0.287,,,0.240139982269506,0.9692000000002198,,,0.9692000000002198,-999.0,,,,-999.0,,,,9073025950.0,,,9073025950.0
2016-09-18,0.199,,,0.642370554537264,0.9692000000002198,,,0.9692000000002198,-999.0,,,,-999.0,,,,9073025950.0,,,9073025950.0
2016-09-19,0.2,,,0.576140452098104,0.9692000000002198,,,0.9692000000002198,-999.0,,,,-999.0,,,,9073025950.0,,,9073025950.0
2016-09-20,0.201,,,0.660479864477549,0.9692000000002198,,,0.9692000000002198,-999.0,,,,-999.0,,,,9073025950.0,,,9073025950.0
2016-09-21,0.202,0.4308082091587962,,0.674780978311515,0.9692000000002198,0.8139333333339868,,0.9692000000002198,-999.0,52.265,,52.265,-999.0,0.7744162266070842,,0.7744162266070842,9073025950.0,9073025950.0,,9073025950.0
2016-09-22,,0.2249727384633716,,0.604336477695892,,0.8139333333339868,,0.8139333333339868,,55.215,,55.215,,0.6218790577259101,,0.6218790577259101,,9073025950.0,,9073025950.0
2016-09-24,,0.214788155069538,,0.619355523841005,,0.9692000000002198,,0.9692000000002198,,57.72,,57.72,,0.2884054125762802,,0.2884054125762802,,9073025950.0,,9073025950.0
2016-09-26,,0.19636150470419061,0.2225,0.29196672679902,,0.8139333333339868,0.8139333333339868,0.8139333333339868,,53.88,-999.0,53.88,,0.7348009885353463,7139.5,0.7348009885353463,,9073025950.0,9073025950.0,9073025950.0
2016-09-27,,0.39617328919309425,,0.310715915688514,,0.8139333333339868,,0.8139333333339868,,55.905,,55.905,,0.24991527448466555,,0.24991527448466555,,9073025950.0,,9073025950.0
2016-09-28,,0.264007089225177,0.11,0.45236497901833,,0.9692000000002198,0.8139333333339868,0.9692000000002198,,54.8,-999.0,54.8,,0.80065717415115,8211.0,0.80065717415115,,9073025950.0,9073025950.0,9073025950.0
2017-06-18,0.285,,,0.368483713753492,0.9692000000002198,,,0.9692000000002198,-999.0,,,,-999.0,,,,9073025950.0,,,9073025950.0
2017-06-19,0.257,,,0.312589051022058,0.9692000000002198,,,0.9692000000002198,-999.0,,,,-999.0,,,,9073025950.0,,,9073025950.0
2017-06-20,0.255,,,0.248017112256186,0.9692000000002198,,,0.9692000000002198,-999.0,,,,-999.0,,,,9073025950.0,,,9073025950.0
2017-06-21,0.241,,,0.669399240970356,0.9692000000002198,,,0.9692000000002198,-999.0,,,,-999.0,,,,9073025950.0,,,9073025950.0
2017-06-22,0.236,,,0.567170978578383,0.9692000000002198,,,0.9692000000002198,-999.0,,,,-999.0,,,,9073025950.0,,,9073025950.0
2017-06-23,0.218,,,0.340979404357129,0.9692000000002198,,,0.9692000000002198,-999.0,,,,-999.0,,,,9073025950.0,,,9073025950.0
2017-06-24,0.219,0.32217453208188507,,0.319206322205511,0.9692000000002198,0.8139333333339868,,0.9692000000002198,-999.0,31.32,,31.32,-999.0,0.7177598060967967,,0.7177598060967967,9073025950.0,9073025950.0,,9073025950.0
2017-06-25,0.218,0.25075478787560834,0.31,0.294772211580693,0.9692000000002198,0.8139333333339868,0.6586666666677538,0.9692000000002198,-999.0,29.13,-999.0,29.13,-999.0,0.7843775646642841,9194.0,0.7843775646642841,9073025950.0,9073025950.0,9075025945.0,9073025950.0
2017-06-26,0.259,0.18245323998192298,0.33,0.246896457401654,0.8139333333339868,0.9692000000002198,0.6586666666677538,0.8139333333339868,-999.0,32.4,-999.0,32.4,-999.0,0.6591365461847389,8377.0,0.6591365461847389,9073025950.0,9073025950.0,9075025945.0,9073025950.0
2017-06-27,0.2465,0.2976825845577586,0.27,0.295434425277896,0.8139333333339868,0.6586666666677538,0.6586666666677538,0.8139333333339868,-999.0,29.64,-999.0,29.64,-999.0,0.8535184298707515,8473.0,0.8535184298707515,9073025950.0,9075025945.0,9075025945.0,9073025950.0
2017-06-28,0.2435,,,0.298641084169147,0.8139333333339868,,,0.8139333333339868,-999.0,,,,-999.0,,,,9073025950.0,,,9073025950.0
2017-06-29,0.23249999999999998,0.2738184943979115,,0.292912948892765,0.8139333333339868,0.9692000000002198,,0.8139333333339868,-999.0,30.38,,30.38,-999.0,0.8377388118293642,,0.8377388118293642,9073025950.0,9073025950.0,,9073025950.0
2017-06-30,0.23149999999999998,0.2090076370988776,0.19,0.268963368003369,0.8139333333339868,0.9692000000002198,0.9692000000002198,0.8139333333339868,-999.0,29.09,-999.0,29.09,-999.0,0.270601033451183,2616.0,0.270601033451183,9073025950.0,9073025950.0,9073025950.0,9073025950.0
2017-07-01,0.22,0.276868754514795,,0.301645447723435,0.9692000000002198,0.9692000000002198,,0.9692000000002198,-999.0,30.49,,30.49,-999.0,0.8543525440077164,,0.8543525440077164,9073025950.0,9073025950.0,,9073025950.0
2017-07-02,0.22,0.17898243197973865,,0.248965204374699,0.9692000000002198,0.8139333333339868,,0.9692000000002198,-999.0,29.34,,29.34,-999.0,0.6739153927276968,,0.6739153927276968,9073025950.0,9073025950.0,,9073025950.0
2017-07-03,0.217,,,0.254627685114928,0.9692000000002198,,,0.9692000000002198,-999.0,,,,-999.0,,,,9073025950.0,,,9073025950.0
2017-07-04,0.217,0.2420277053996063,0.19,0.266152851147011,0.9692000000002198,0.9692000000002198,0.6586666666677538,0.9692000000002198,-999.0,29.94,-999.0,29.94,-999.0,0.7402376910016978,7737.0,0.7402376910016978,9073025950.0,9073025950.0,9075025945.0,9073025950.0
2017-07-05,0.217,0.21342246857971,,0.270801727410625,0.9692000000002198,0.9692000000002198,,0.9692000000002198,-999.0,33.68,,33.68,-999.0,0.6497354497354497,,0.6497354497354497,9073025950.0,9073025950.0,,9073025950.0
2017-07-06,0.20400000000000001,0.22961714681397732,0.18,0.267901775370134,0.8139333333339868,0.8139333333339868,0.6586666666677538,0.8139333333339868,-999.0,31.36,-999.0,31.36,-999.0,0.5450063613231553,6856.0,0.5450063613231553,9073025950.0,9073025950.0,9075025945.0,9073025950.0
2017-07-07,0.2025,0.163823351987405,,0.259873996889484,0.8139333333339868,0.6586666666677538,,0.8139333333339868,-999.0,29.71,,29.71,-999.0,0.5981124655918206,,0.5981124655918206,9073025950.0,9075025945.0,,9073025950.0
2017-07-08,0.1995,0.18902872713021254,,0.251082725420987,0.8139333333339868,0.9692000000002198,,0.8139333333339868,-999.0,31.61,,31.61,-999.0,0.5460440985732815,,0.5460440985732815,9073025950.0,9073025950.0,,9073025950.0
2017-07-09,0.1995,,,0.251840665820424,0.8139333333339868,,,0.8139333333339868,-999.0,,,,-999.0,,,,9073025950.0,,,9073025950.0
2017-07-10,0.207,,,0.266014434271654,0.9692000000002198,,,0.9692000000002198,-999.0,,,,-999.0,,,,9073025950.0,,,9073025950.0
2017-07-11,0.206,,,0.24221041515683,0.9692000000002198,,,0.9692000000002198,-999.0,,,,-999.0,,,,9073025950.0,,,9073025950.0
2017-07-12,0.203,,,0.250456531165088,0.9692000000002198,,,0.9692000000002198,-999.0,,,,-999.0,,,,9073025950.0,,,9073025950.0
2017-07-13,0.187,,,0.245666927508891,0.9692000000002198,,,0.9692000000002198,-999.0,,,,-999.0,,,,9073025950.0,,,9073025950.0
2017-07-14,0.189,0.1806302970846597,,0.257963088945572,0.9692000000002198,0.8139333333339868,,0.9692000000002198,-999.0,33.045,,33.045,-999.0,0.5164150865791963,,0.5164150865791963,9073025950.0,9073025950.0,,9073025950.0
2017-07-15,0.19,0.21103874673515266,,0.252999354772653,0.9692000000002198,0.9692000000002198,,0.9692000000002198,-999.0,32.24,,32.24,-999.0,0.4967649173256649,,0.4967649173256649,9073025950.0,9073025950.0,,9073025950.0
2017-07-16,0.191,,,0.318685076531208,0.9692000000002198,,,0.9692000000002198,-999.0,,,,-999.0,,,,9073025950.0,,,9073025950.0
2017-07-17,0.192,0.336996499090746,0.32,0.342089561514316,0.9692000000002198,0.6586666666677538,0.6586666666677538,0.9692000000002198,-999.0,33.35,-999.0,33.35,-999.0,0.8046822742474916,7876.0,0.8046822742474916,9073025950.0,9075025945.0,9075025945.0,9073025950.0
2017-07-18,0.183,0.2102219220187831,0.17,0.271054957135823,0.9692000000002198,0.8139333333339868,0.6586666666677538,0.9692000000002198,-999.0,31.465,-999.0,31.465,-999.0,0.6167183584574869,5653.0,0.6167183584574869,9073025950.0,9073025950.0,9075025945.0,9073025950.0
2017-07-19,0.183,0.21930543153011606,,0.246064250773959,0.9692000000002198,0.8139333333339868,,0.9692000000002198,-999.0,34.62,,34.62,-999.0,0.6436277352069975,,0.6436277352069975,9073025950.0,9073025950.0,,9073025950.0
2017-07-20,0.183,,,0.245139003600878,0.9692000000002198,,,0.9692000000002198,-999.0,,,,-999.0,,,,9073025950.0,,,9073025950.0
2017-07-21,0.182,,,0.239817958139238,0.9692000000002198,,,0.9692000000002198,-999.0,,,,-999.0,,,,9073025950.0,,,9073025950.0
2017-07-22,0.186,,,0.22648893190224,0.9692000000002198,,,0.9692000000002198,-999.0,,,,-999.0,,,,9073025950.0,,,9073025950.0
2017-07-23,0.186,,,0.241209024006043,0.9692000000002198,,,0.9692000000002198,-999.0,,,,-999.0,,,,9073025950.0,,,9073025950.0
2017-07-24,0.185,,,0.291316148887623,0.9692000000002198,,,0.9692000000002198,-999.0,,,,-999.0,,,,9073025950.0,,,9073025950.0
2017-07-25,0.186,0.19749158619010182,0.16,0.305783026787979,0.9692000000002198,0.8139333333339868,0.8139333333339868,0.9692000000002198,-999.0,35.085,-999.0,35.085,-999.0,0.4864040873697751,6603.5,0.4864040873697751,9073025950.0,9073025950.0,9073025950.0,9073025950.0
2017-07-26,0.1965,0.2043886893515491,,0.266504097945929,0.8139333333339868,0.9692000000002198,,0.8139333333339868,-999.0,35.51,,35.51,-999.0,0.701628664495114,,0.701628664495114,9073025950.0,9073025950.0,,9073025950.0
2017-07-27,0.184,,,0.259193748012757,0.9692000000002198,,,0.9692000000002198,-999.0,,,,-999.0,,,,9073025950.0,,,9073025950.0
2017-07-28,0.184,0.2225958938922376,,0.261946586024923,0.9692000000002198,0.9692000000002198,,0.9692000000002198,-999.0,36.91,,36.91,-999.0,0.6213948610382801,,0.6213948610382801,9073025950.0,9073025950.0,,9073025950.0
2017-07-29,0.186,0.20771297577801653,,0.25712567940043,0.9692000000002198,0.8139333333339868,,0.9692000000002198,-999.0,35.325,,35.325,-999.0,0.386516415441548,,0.386516415441548,9073025950.0,9073025950.0,,9073025950.0
2017-07-30,0.186,0.1747366029358785,,0.251013056425126,0.9692000000002198,0.9692000000002198,,0.9692000000002198,-999.0,33.910000000000004,,33.910000000000004,-999.0,0.3872984534386312,,0.3872984534386312,9073025950.0,9073025950.0,,9073025950.0
2017-07-31,0.186,0.2277248928156697,0.2,0.22617585156086,0.9692000000002198,0.9692000000002198,0.8139333333339868,0.9692000000002198,-999.0,35.49,-999.0,35.49,-999.0,0.6851735015772871,7044.5,0.6851735015772871,9073025950.0,9073025950.0,9073025950.0,9073025950.0
2017-08-01,0.186,,,0.264984222746468,0.9692000000002198,,,0.9692000000002198,-999.0,,,,-999.0,,,,9073025950.0,,,9073025950.0
2017-08-02,0.185,0.2309392235856464,,0.28792755044119,0.9692000000002198,0.8139333333339868,,0.9692000000002198,-999.0,36.7,,36.7,-999.0,0.7304654123898524,,0.7304654123898524,9073025950.0,9073025950.0,,9073025950.0
2017-08-03,0.186,0.16377656876553162,,0.261765138332879,0.9692000000002198,0.8139333333339868,,0.9692000000002198,-999.0,35.105000000000004,,35.105000000000004,-999.0,0.5532287685256156,,0.5532287685256156,9073025950.0,9073025950.0,,9073025950.0
2017-08-04,0.186,,,0.247595775241939,0.9692000000002198,,,0.9692000000002198,-999.0,,,,-999.0,,,,9073025950.0,,,9073025950.0
2017-08-05,0.186,,0.2,0.268637573534019,0.9692000000002198,,0.9692000000002198,0.9692000000002198,-999.0,,-999.0,,-999.0,,4265.0,4265.0,9073025950.0,,9073025950.0,9073025950.0
2017-08-06,0.186,0.20810669769671022,,0.267110743947937,0.9692000000002198,0.8139333333339868,,0.9692000000002198,-999.0,39.525000000000006,,39.525000000000006,-999.0,0.6403267051028099,,0.6403267051028099,9073025950.0,9073025950.0,,9073025950.0
2017-08-07,0.184,0.18492876254466173,,0.243170530626693,0.9692000000002198,0.8139333333339868,,0.9692000000002198,-999.0,37.545,,37.545,-999.0,0.5591906427465952,,0.5591906427465952,9073025950.0,9073025950.0,,9073025950.0
2017-08-08,0.184,0.18847732269066708,0.21000000000000002,0.244738785545981,0.9692000000002198,0.8139333333339868,0.8139333333339868,0.9692000000002198,-999.0,41.114999999999995,-999.0,41.114999999999995,-999.0,0.24137942317886418,4139.5,0.24137942317886418,9073025950.0,9073025950.0,9073025950.0,9073025950.0
2017-08-09,0.182,0.26223265202543344,,0.245555419987936,0.9692000000002198,0.8139333333339868,,0.9692000000002198,-999.0,38.144999999999996,,38.144999999999996,-999.0,0.7217285179938693,,0.7217285179938693,9073025950.0,9073025950.0,,9073025950.0
2017-08-10,0.18,0.12098529248520849,,0.238199549672018,0.9692000000002198,0.8139333333339868,,0.9692000000002198,-999.0,36.945,,36.945,-999.0,0.5252719647884144,,0.5252719647884144,9073025950.0,9073025950.0,,9073025950.0
2017-08-11,0.177,0.1817516500213301,,0.234961150025345,0.9692000000002198,0.8139333333339868,,0.9692000000002198,-999.0,39.445,,39.445,-999.0,0.5416295577822888,,0.5416295577822888,9073025950.0,9073025950.0,,9073025950.0
2017-08-12,,0.204123928018624,,0.212106095589944,,0.9692000000002198,,0.9692000000002198,,40.93,,40.93,,0.193200215866163,,0.193200215866163,,9073025950.0,,9073025950.0
2017-08-15,,0.3250093177227054,,0.258460600976058,,0.9692000000002198,,0.9692000000002198,,38.44,,38.44,,0.2227406255400034,,0.2227406255400034,,9073025950.0,,9073025950.0
2017-08-17,,0.2262298642001614,,0.199482533939367,,0.6586666666677538,,0.6586666666677538,,44.08,,44.08,,0.2425328554360812,,0.2425328554360812,,9075025945.0,,9075025945.0
2017-08-22,,0.18017939870648675,,0.238538601036803,,0.9692000000002198,,0.9692000000002198,,43.96,,43.96,,0.4459887832236041,,0.4459887832236041,,9073025950.0,,9073025950.0
2017-08-23,,0.1739245208366401,,0.224386177969884,,0.9692000000002198,,0.9692000000002198,,41.8,,41.8,,0.3240475215075789,,0.3240475215075789,,9073025950.0,,9073025950.0
2017-08-24,,0.1335688943142873,0.2,0.223491578042954,,0.9692000000002198,0.9692000000002198,0.9692000000002198,,41.39,-999.0,41.39,,0.6057971014492753,3248.0,0.6057971014492753,,9073025950.0,9073025950.0,9073025950.0
2017-09-24,0.254,,,0.664568617450893,0.6586666666677538,,,0.6586666666677538,-999.0,,,,-999.0,,,,9075025945.0,,,9075025945.0
2017-09-25,0.2375,,,0.546508403630956,0.8139333333339868,,,0.8139333333339868,-999.0,,,,-999.0,,,,9073025950.0,,,9073025950.0
2017-09-26,0.336,,,0.390102663155412,0.6586666666677538,,,0.6586666666677538,-999.0,,,,-999.0,,,,9075025945.0,,,9075025945.0
2017-09-27,0.2485,0.3145755682771785,0.26,0.412453162320161,0.8139333333339868,0.6586666666677538,0.6586666666677538,0.8139333333339868,-999.0,54.14,-999.0,54.14,-999.0,0.7744475488950978,7678.0,0.7744475488950978,9073025950.0,9075025945.0,9075025945.0,9073025950.0
2017-09-28,0.163,0.30529991347968555,0.275,0.469389335172503,0.9692000000002198,0.8139333333339868,0.8139333333339868,0.9692000000002198,-999.0,55.605000000000004,-999.0,55.605000000000004,-999.0,0.9051267800800507,8910.0,0.9051267800800507,9073025950.0,9073025950.0,9073025950.0,9073025950.0
2017-09-29,0.20400000000000001,0.19916084705172438,0.15000000000000002,0.316594407831799,0.8139333333339868,0.8139333333339868,0.8139333333339868,0.8139333333339868,-999.0,54.94,-999.0,54.94,-999.0,0.7451794979929134,7491.0,0.7451794979929134,9073025950.0,9073025950.0,9073025950.0,9073025950.0
2017-09-30,0.248,,,0.261027108838003,0.8139333333339868,,,0.8139333333339868,-999.0,,,,-999.0,,,,9073025950.0,,,9073025950.0
2018-06-01,0.258,,,0.601339339027391,0.9692000000002198,,,0.9692000000002198,-999.0,,,,-999.0,,,,9073025950.0,,,9073025950.0
2018-06-02,0.256,,,0.63549078872492,0.9692000000002198,,,0.9692000000002198,-999.0,,,,-999.0,,,,9073025950.0,,,9073025950.0
2018-06-03,0.254,,,0.327657016789653,0.9692000000002198,,,0.9692000000002198,-999.0,,,,-999.0,,,,9073025950.0,,,9073025950.0
2018-06-04,0.253,,0.54,0.502498602696769,0.9692000000002198,,0.6586666666677538,0.9692000000002198,-999.0,,-999.0,,-999.0,,8648.0,8648.0,9073025950.0,,9075025945.0,9073025950.0
2018-06-05,0.251,,,0.637510640510809,0.9692000000002198,,,0.9692000000002198,-999.0,,,,-999.0,,,,9073025950.0,,,9073025950.0
2018-06-07,,0.3544660861880166,0.29500000000000004,0.254123405059477,,0.9692000000002198,0.8139333333339868,0.9692000000002198,,32.37,-999.0,32.37,,-0.103641456582633,7389.5,-0.103641456582633,,9073025950.0,9073025950.0,9073025950.0
2018-06-08,,0.2139202101340694,0.19,0.253865855919438,,0.9692000000002198,0.9692000000002198,0.9692000000002198,,29.45,-999.0,29.45,,0.4025286680388121,6311.0,0.4025286680388121,,9073025950.0,9073025950.0,9073025950.0
2018-06-11,0.189,,,0.800906967682757,0.9692000000002198,,,0.9692000000002198,-999.0,,,,-999.0,,,,9073025950.0,,,9073025950.0
2018-06-12,0.189,0.5906283793905793,0.535,0.669233270388243,0.9692000000002198,0.8139333333339868,0.8139333333339868,0.9692000000002198,-999.0,29.215,-999.0,29.215,-999.0,0.8164528457803946,8044.0,0.8164528457803946,9073025950.0,9073025950.0,9073025950.0,9073025950.0
2018-06-13,0.193,,,0.663334526209164,0.9692000000002198,,,0.9692000000002198,-999.0,,,,-999.0,,,,9073025950.0,,,9073025950.0
2018-06-14,0.193,,,0.406808355598056,0.9692000000002198,,,0.9692000000002198,-999.0,,,,-999.0,,,,9073025950.0,,,9073025950.0
2018-06-15,0.193,,,0.295868871065068,0.9692000000002198,,,0.9692000000002198,-999.0,,,,-999.0,,,,9073025950.0,,,9073025950.0
2018-06-16,0.193,,,0.328752492192213,0.9692000000002198,,,0.9692000000002198,-999.0,,,,-999.0,,,,9073025950.0,,,9073025950.0
2018-06-17,0.196,0.2490241484801492,0.28,0.230656173672852,0.9692000000002198,0.9692000000002198,0.6586666666677538,0.9692000000002198,-999.0,28.81,-999.0,28.81,-999.0,0.5770234986945169,7858.0,0.5770234986945169,9073025950.0,9073025950.0,9075025945.0,9073025950.0
2018-06-18,0.196,0.2447047686573862,0.24,0.218560344139079,0.9692000000002198,0.8139333333339868,0.6586666666677538,0.9692000000002198,-999.0,30.68,-999.0,30.68,-999.0,0.7949712955494874,7751.0,0.7949712955494874,9073025950.0,9073025950.0,9075025945.0,9073025950.0
2018-06-19,0.197,0.3102355756178912,0.23,0.214895777462848,0.9692000000002198,0.6586666666677538,0.6586666666677538,0.9692000000002198,-999.0,28.79,-999.0,28.79,-999.0,0.8419384057971016,7542.0,0.8419384057971016,9073025950.0,9075025945.0,9075025945.0,9073025950.0
2018-06-20,0.197,0.26727327418010705,,0.203136533438914,0.9692000000002198,0.8139333333339868,,0.9692000000002198,-999.0,31.575,,31.575,-999.0,0.8283657283226096,,0.8283657283226096,9073025950.0,9073025950.0,,9073025950.0
2018-06-21,0.198,,,0.216929199271989,0.9692000000002198,,,0.9692000000002198,-999.0,,,,-999.0,,,,9073025950.0,,,9073025950.0
2018-06-22,0.198,,,0.244568868245175,0.9692000000002198,,,0.9692000000002198,-999.0,,,,-999.0,,,,9073025950.0,,,9073025950.0
2018-06-23,0.198,0.1810370866827204,,0.216941974877427,0.9692000000002198,0.9692000000002198,,0.9692000000002198,-999.0,29.7,,29.7,-999.0,0.7952932387000374,,0.7952932387000374,9073025950.0,9073025950.0,,9073025950.0
2018-06-24,0.198,,,0.203897150565153,0.9692000000002198,,,0.9692000000002198,-999.0,,,,-999.0,,,,9073025950.0,,,9073025950.0
2018-06-25,0.198,0.6368180134807424,0.6000000000000001,0.225623678648217,0.9692000000002198,0.8139333333339868,0.8139333333339868,0.9692000000002198,-999.0,30.42,-999.0,30.42,-999.0,0.539895425690784,5257.5,0.539895425690784,9073025950.0,9073025950.0,9073025950.0,9073025950.0
2018-06-26,0.198,,,0.38974860992923,0.9692000000002198,,,0.9692000000002198,-999.0,,,,-999.0,,,,9073025950.0,,,9073025950.0
2018-06-27,,0.271411839152362,,0.308493176299826,,0.9692000000002198,,0.9692000000002198,,29.99,,29.99,,0.8442834971546818,,0.8442834971546818,,9073025950.0,,9073025950.0
2018-07-05,,0.12559719526281649,0.06,0.19243641330579,,0.8139333333339868,0.6586666666677538,0.8139333333339868,,29.634999999999998,-999.0,29.634999999999998,,0.5523782716287247,6153.0,0.5523782716287247,,9073025950.0,9075025945.0,9073025950.0
2018-07-07,0.188,,,0.207490939591744,0.9692000000002198,,,0.9692000000002198,-999.0,,,,-999.0,,,,9073025950.0,,,9073025950.0
2018-07-08,0.185,0.2002522220801543,,0.201119450080591,0.9692000000002198,0.9692000000002198,,0.9692000000002198,-999.0,33.86,,33.86,-999.0,0.6402997502081599,,0.6402997502081599,9073025950.0,9073025950.0,,9073025950.0
2018-07-09,0.2025,0.1528124793649243,,0.199631627658792,0.8139333333339868,0.9692000000002198,,0.8139333333339868,-999.0,30.95,,30.95,-999.0,0.4745541539799913,,0.4745541539799913,9073025950.0,9073025950.0,,9073025950.0
2018-07-10,0.20350000000000001,,,0.227122680147555,0.8139333333339868,,,0.8139333333339868,-999.0,,,,-999.0,,,,9073025950.0,,,9073025950.0
2018-07-11,0.20350000000000001,0.2314006702764625,0.235,0.194656361879891,0.8139333333339868,0.9692000000002198,0.6586666666677538,0.8139333333339868,-999.0,31.89,-999.0,31.89,-999.0,0.8093546477205447,8483.0,0.8093546477205447,9073025950.0,9073025950.0,9075025945.0,9073025950.0
2018-07-12,0.20350000000000001,,,0.208637584820735,0.8139333333339868,,,0.8139333333339868,-999.0,,,,-999.0,,,,9073025950.0,,,9073025950.0
2018-07-13,0.186,0.3310153786576801,,0.190399620257703,0.9692000000002198,0.9692000000002198,,0.9692000000002198,-999.0,31.39,,31.39,-999.0,0.1796108145341829,,0.1796108145341829,9073025950.0,9073025950.0,,9073025950.0
2018-07-14,0.187,0.2119489768847862,0.2,0.255012493609333,0.9692000000002198,0.8139333333339868,0.6586666666677538,0.9692000000002198,-999.0,32.7,-999.0,32.7,-999.0,0.6228983676487516,7493.0,0.6228983676487516,9073025950.0,9073025950.0,9075025945.0,9073025950.0
2018-07-15,0.187,0.2019880385364784,,0.218513180501889,0.9692000000002198,0.8139333333339868,,0.9692000000002198,-999.0,34.300000000000004,,34.300000000000004,-999.0,0.41820416331923493,,0.41820416331923493,9073025950.0,9073025950.0,,9073025950.0
2018-07-16,0.187,0.2152406931394848,,0.190594345854556,0.9692000000002198,0.8139333333339868,,0.9692000000002198,-999.0,31.695,,31.695,-999.0,0.780575387771535,,0.780575387771535,9073025950.0,9073025950.0,,9073025950.0
2018-07-17,0.185,0.15744205492326957,,0.192272016799855,0.9692000000002198,0.8139333333339868,,0.9692000000002198,-999.0,33.425,,33.425,-999.0,0.45366672968395716,,0.45366672968395716,9073025950.0,9073025950.0,,9073025950.0
2018-07-18,0.185,,,0.193969599830389,0.9692000000002198,,,0.9692000000002198,-999.0,,,,-999.0,,,,9073025950.0,,,9073025950.0
2018-07-19,0.196,,,0.202493091765483,0.9692000000002198,,,0.9692000000002198,-999.0,,,,-999.0,,,,9073025950.0,,,9073025950.0
2018-07-20,0.197,,,0.290075448891105,0.9692000000002198,,,0.9692000000002198,-999.0,,,,-999.0,,,,9073025950.0,,,9073025950.0
2018-07-21,0.197,,,0.27120586779432,0.9692000000002198,,,0.9692000000002198,-999.0,,,,-999.0,,,,9073025950.0,,,9073025950.0
2018-07-22,0.20900000000000002,,,0.276197975339196,0.8139333333339868,,,0.8139333333339868,-999.0,,,,-999.0,,,,9073025950.0,,,9073025950.0
2018-07-23,0.204,,,0.20484836493753,0.9692000000002198,,,0.9692000000002198,-999.0,,,,-999.0,,,,9073025950.0,,,9073025950.0
2018-07-24,0.215,,,0.200570882559271,0.9692000000002198,,,0.9692000000002198,-999.0,,,,-999.0,,,,9073025950.0,,,9073025950.0
2018-07-25,0.216,0.22833809461713678,0.22,0.201718764804596,0.9692000000002198,0.9692000000002198,0.6586666666677538,0.9692000000002198,-999.0,33.7,-999.0,33.7,-999.0,0.7708524289642531,8435.0,0.7708524289642531,9073025950.0,9073025950.0,9075025945.0,9073025950.0
2018-07-26,,0.1828741794435547,,0.199821013834549,,0.9692000000002198,,0.9692000000002198,,37.99,,37.99,,0.5011939506500399,,0.5011939506500399,,9073025950.0,,9073025950.0
2018-07-27,,0.2019973173289065,,0.200994280199077,,0.8139333333339868,,0.8139333333339868,,34.79,,34.79,,0.6282121809569319,,0.6282121809569319,,9073025950.0,,9073025950.0
2018-07-28,,0.15583198376018825,0.125,0.189703167161697,,0.8139333333339868,0.8139333333339868,0.8139333333339868,,33.435,-999.0,33.435,,0.5863607867365968,5874.0,0.5863607867365968,,9073025950.0,9073025950.0,9073025950.0
2018-07-29,0.191,0.200320482107548,,0.181521625621374,0.9692000000002198,0.8139333333339868,,0.9692000000002198,-999.0,36.04,,36.04,-999.0,0.7034029364825978,,0.7034029364825978,9073025950.0,9073025950.0,,9073025950.0
2018-07-30,0.19,0.0851259999011528,,0.174689559841995,0.9692000000002198,0.9692000000002198,,0.9692000000002198,-999.0,34.15,,34.15,-999.0,-0.115832762165867,,-0.115832762165867,9073025950.0,9073025950.0,,9073025950.0
2018-07-31,0.189,0.18751460608013365,,0.180878592252121,0.9692000000002198,0.8139333333339868,,0.9692000000002198,-999.0,37.42,,37.42,-999.0,0.7168466281905603,,0.7168466281905603,9073025950.0,9073025950.0,,9073025950.0
2018-08-01,0.172,,,0.172134518120335,0.9692000000002198,,,0.9692000000002198,-999.0,,,,-999.0,,,,9073025950.0,,,9073025950.0
2018-08-02,0.171,0.2816558571816407,,0.175775651921235,0.9692000000002198,0.6586666666677538,,0.9692000000002198,-999.0,34.61,,34.61,-999.0,0.2656875834445928,,0.2656875834445928,9073025950.0,9075025945.0,,9073025950.0
2018-08-03,0.175,,,0.209238110430654,0.9692000000002198,,,0.9692000000002198,-999.0,,,,-999.0,,,,9073025950.0,,,9073025950.0
2018-08-04,0.16,,,0.207215853896949,0.9692000000002198,,,0.9692000000002198,-999.0,,,,-999.0,,,,9073025950.0,,,9073025950.0
2018-08-05,0.16,0.21430230186223181,,0.186656532400932,0.9692000000002198,0.8139333333339868,,0.9692000000002198,-999.0,36.915,,36.915,-999.0,0.47886293815774744,,0.47886293815774744,9073025950.0,9073025950.0,,9073025950.0
2018-08-06,0.16,,,0.175282666205848,0.9692000000002198,,,0.9692000000002198,-999.0,,,,-999.0,,,,9073025950.0,,,9073025950.0
2018-08-07,0.159,0.1734900138810231,,0.169429960826596,0.9692000000002198,0.9692000000002198,,0.9692000000002198,-999.0,38.67,,38.67,-999.0,0.5243825205826472,,0.5243825205826472,9073025950.0,9073025950.0,,9073025950.0
2018-08-08,0.159,0.1479517247047992,,0.185098048506413,0.9692000000002198,0.8139333333339868,,0.9692000000002198,-999.0,37.985,,37.985,-999.0,0.3338581557986855,,0.3338581557986855,9073025950.0,9073025950.0,,9073025950.0
2018-08-09,0.159,0.1764150517512149,,0.164611097280359,0.9692000000002198,0.8139333333339868,,0.9692000000002198,-999.0,40.144999999999996,,40.144999999999996,-999.0,0.5944973277252459,,0.5944973277252459,9073025950.0,9073025950.0,,9073025950.0
2018-08-10,0.159,0.1654095882654409,,0.163901467926196,0.9692000000002198,0.9692000000002198,,0.9692000000002198,-999.0,37.7,,37.7,-999.0,0.6653013458162669,,0.6653013458162669,9073025950.0,9073025950.0,,9073025950.0
2018-08-13,0.192,0.2146928966604084,0.14,0.188912375593094,0.6586666666677538,0.6586666666677538,0.9692000000002198,0.6586666666677538,-999.0,37.76,-999.0,37.76,-999.0,0.578979717271051,1994.0,0.578979717271051,9075025945.0,9075025945.0,9073025950.0,9075025945.0
2018-08-14,0.192,0.17609305489196594,0.16,0.187724964106392,0.6586666666677538,0.8139333333339868,0.9692000000002198,0.6586666666677538,-999.0,40.16,-999.0,40.16,-999.0,0.639638321639094,5305.0,0.639638321639094,9075025945.0,9073025950.0,9073025950.0,9075025945.0
2018-08-15,0.193,0.12148034449029135,,0.170734335174066,0.6586666666677538,0.8139333333339868,,0.6586666666677538,-999.0,38.575,,38.575,-999.0,0.6279865893012775,,0.6279865893012775,9075025945.0,9073025950.0,,9075025945.0
2018-08-16,0.193,0.19794914184474266,,0.170014709603311,0.6586666666677538,0.9692000000002198,,0.6586666666677538,-999.0,41.59,,41.59,-999.0,0.3314483191957272,,0.3314483191957272,9075025945.0,9073025950.0,,9075025945.0
2018-08-17,0.193,0.17043615038545107,,0.170952905551985,0.6586666666677538,0.8139333333339868,,0.6586666666677538,-999.0,39.54,,39.54,-999.0,0.6481886325189714,,0.6481886325189714,9075025945.0,9073025950.0,,9075025945.0
2018-08-18,0.193,,,0.154659365303408,0.6586666666677538,,,0.6586666666677538,-999.0,,,,-999.0,,,,9075025945.0,,,9075025945.0
2018-08-19,0.19,0.20345712980016675,0.17,0.20333968245292,0.6586666666677538,0.8139333333339868,0.6586666666677538,0.6586666666677538,-999.0,40.655,-999.0,40.655,-999.0,0.720336483530996,7649.0,0.720336483530996,9075025945.0,9073025950.0,9075025945.0,9075025945.0
2018-08-20,0.188,0.09730232677383141,0.11,0.207478246869482,0.6586666666677538,0.8139333333339868,0.6586666666677538,0.6586666666677538,-999.0,42.35,-999.0,42.35,-999.0,0.3169983101902873,5363.0,0.3169983101902873,9075025945.0,9073025950.0,9075025945.0,9075025945.0
2018-08-21,0.188,0.2595981847591074,,0.238995165162281,0.6586666666677538,0.9692000000002198,,0.6586666666677538,-999.0,41.89,,41.89,-999.0,0.6424759871931697,,0.6424759871931697,9075025945.0,9073025950.0,,9075025945.0
2018-08-22,0.188,0.0966604822764208,,0.213570171266439,0.6586666666677538,0.8139333333339868,,0.6586666666677538,-999.0,40.71,,40.71,-999.0,0.1445542262018728,,0.1445542262018728,9075025945.0,9073025950.0,,9075025945.0
2018-08-23,0.188,0.1719633508260156,,0.178956024997578,0.6586666666677538,0.8139333333339868,,0.6586666666677538,-999.0,43.25,,43.25,-999.0,0.5210315234814781,,0.5210315234814781,9075025945.0,9073025950.0,,9075025945.0
2018-08-24,0.188,,,0.234828207079229,0.6586666666677538,,,0.6586666666677538,-999.0,,,,-999.0,,,,9075025945.0,,,9075025945.0
2018-08-25,0.188,,,0.201888720920851,0.6586666666677538,,,0.6586666666677538,-999.0,,,,-999.0,,,,9075025945.0,,,9075025945.0
2018-08-26,0.188,,,0.217740452256683,0.6586666666677538,,,0.6586666666677538,-999.0,,,,-999.0,,,,9075025945.0,,,9075025945.0
2018-08-29,0.18,0.5749551556899956,,0.185953863391927,0.9692000000002198,0.8139333333339868,,0.9692000000002198,-999.0,47.980000000000004,,47.980000000000004,-999.0,0.5093198566217042,,0.5093198566217042,9073025950.0,9073025950.0,,9073025950.0
2018-08-30,0.18,,,0.224009228453004,0.9692000000002198,,,0.9692000000002198,-999.0,,,,-999.0,,,,9073025950.0,,,9073025950.0
2018-08-31,0.18,,,0.232611001971641,0.9692000000002198,,,0.9692000000002198,-999.0,,,,-999.0,,,,9073025950.0,,,9073025950.0
2018-09-01,0.18,,,0.654419155524128,0.9692000000002198,,,0.9692000000002198,-999.0,,,,-999.0,,,,9073025950.0,,,9073025950.0
2018-09-02,0.181,0.5174356583957119,,0.345522960142437,0.9692000000002198,0.9692000000002198,,0.9692000000002198,-999.0,44.9,,44.9,-999.0,0.078539948016725,,0.078539948016725,9073025950.0,9073025950.0,,9073025950.0
2018-09-03,0.201,,,0.815628679939177,0.9692000000002198,,,0.9692000000002198,-999.0,,,,-999.0,,,,9073025950.0,,,9073025950.0
2018-09-04,0.201,0.23944854249715294,0.195,0.424078223880085,0.9692000000002198,0.9692000000002198,0.9692000000002198,0.9692000000002198,-999.0,45.99,-999.0,45.99,-999.0,0.7408580477972935,6674.0,0.7408580477972935,9073025950.0,9073025950.0,9073025950.0,9073025950.0
2018-09-05,0.202,0.22671952433964654,0.08,0.293195541407618,0.9692000000002198,0.8139333333339868,0.9692000000002198,0.9692000000002198,-999.0,50.19499999999999,-999.0,50.19499999999999,-999.0,0.2520056964003296,4838.0,0.2520056964003296,9073025950.0,9073025950.0,9073025950.0,9073025950.0
2018-09-06,0.202,0.2743249118488495,,0.208756207086643,0.9692000000002198,0.9692000000002198,,0.9692000000002198,-999.0,47.22,,47.22,-999.0,0.5560699588477367,,0.5560699588477367,9073025950.0,9073025950.0,,9073025950.0
2018-09-07,0.202,0.2014658521523918,0.17,0.186445286315528,0.9692000000002198,0.6586666666677538,0.6586666666677538,0.9692000000002198,-999.0,46.37,-999.0,46.37,-999.0,0.7276292335115864,7105.0,0.7276292335115864,9073025950.0,9075025945.0,9075025945.0,9073025950.0
2018-09-08,0.202,,0.18,0.209575434584163,0.9692000000002198,,0.9692000000002198,0.9692000000002198,-999.0,,-999.0,,-999.0,,6960.0,6960.0,9073025950.0,,9073025950.0,9073025950.0
2018-09-09,0.202,,,0.220387807017822,0.9692000000002198,,,0.9692000000002198,-999.0,,,,-999.0,,,,9073025950.0,,,9073025950.0
2018-09-10,0.202,0.14892475698536328,,0.212964834168448,0.9692000000002198,0.9692000000002198,,0.9692000000002198,-999.0,49.98,,49.98,-999.0,0.5640381717729784,,0.5640381717729784,9073025950.0,9073025950.0,,9073025950.0
2018-09-11,0.202,,0.56,0.236314035801277,0.9692000000002198,,0.9692000000002198,0.9692000000002198,-999.0,,-999.0,,-999.0,,5587.0,5587.0,9073025950.0,,9073025950.0,9073025950.0
2018-09-12,0.202,,,0.626638773046996,0.9692000000002198,,,0.9692000000002198,-999.0,,,,-999.0,,,,9073025950.0,,,9073025950.0
2018-09-14,0.783,,,0.816982636639236,0.9692000000002198,,,0.9692000000002198,-999.0,,,,-999.0,,,,9073025950.0,,,9073025950.0
2018-09-15,0.784,,,0.893059929694766,0.9692000000002198,,,0.9692000000002198,-999.0,,,,-999.0,,,,9073025950.0,,,9073025950.0
2018-09-17,0.782,,,0.781613411760407,0.9692000000002198,,,0.9692000000002198,-999.0,,,,-999.0,,,,9073025950.0,,,9073025950.0
2018-09-18,0.779,0.7500622384209567,0.81,0.783274824720599,0.9692000000002198,0.6586666666677538,0.6586666666677538,0.9692000000002198,-999.0,50.79,-999.0,50.79,-999.0,0.5913452492944498,6999.0,0.5913452492944498,9073025950.0,9075025945.0,9075025945.0,9073025950.0
2018-09-19,0.777,0.36733080705415383,0.635,0.72308948751501,0.9692000000002198,0.8139333333339868,0.8139333333339868,0.9692000000002198,-999.0,52.31,-999.0,52.31,-999.0,0.7963386839421231,8092.5,0.7963386839421231,9073025950.0,9073025950.0,9073025950.0,9073025950.0
2018-09-20,0.722,,,0.824012470022958,0.8139333333339868,,,0.8139333333339868,-999.0,,,,-999.0,,,,9073025950.0,,,9073025950.0
2018-09-21,0.7230000000000001,,,0.98825937658676,0.8139333333339868,,,0.8139333333339868,-999.0,,,,-999.0,,,,9073025950.0,,,9073025950.0
2018-09-22,0.7245,,,0.93459486689126,0.8139333333339868,,,0.8139333333339868,-999.0,,,,-999.0,,,,9073025950.0,,,9073025950.0
2018-09-23,0.7250000000000001,,,0.792608906376189,0.8139333333339868,,,0.8139333333339868,-999.0,,,,-999.0,,,,9073025950.0,,,9073025950.0
2018-09-24,0.726,,,0.825085915979597,0.8139333333339868,,,0.8139333333339868,-999.0,,,,-999.0,,,,9073025950.0,,,9073025950.0
2018-09-25,0.676,,,0.80665858456986,0.6586666666677538,,,0.6586666666677538,-999.0,,,,-999.0,,,,9075025945.0,,,9075025945.0
2018-09-26,0.678,,,0.803609894703198,0.6586666666677538,,,0.6586666666677538,-999.0,,,,-999.0,,,,9075025945.0,,,9075025945.0
2018-09-27,0.679,,0.86,0.850239893018329,0.6586666666677538,,0.6586666666677538,0.6586666666677538,-999.0,,-999.0,,-999.0,,6268.0,6268.0,9075025945.0,,9075025945.0,9075025945.0
2019-06-09,,0.3043301841092122,,0.594241524475018,,0.9692000000002198,,0.9692000000002198,,29.7,,29.7,,0.6161314413741598,,0.6161314413741598,,9073025950.0,,9073025950.0
2019-06-22,,0.549444579277004,0.42500000000000004,0.677723735357218,,0.6586666666677538,0.8139333333339868,0.6586666666677538,,28.79,-999.0,28.79,,0.9269716302429754,9151.5,0.9269716302429754,,9075025945.0,9073025950.0,9075025945.0
2019-06-28,,,0.43999999999999995,0.229067066745631,,,0.8139333333339868,0.8139333333339868,,,-999.0,,,,5972.0,5972.0,,,9073025950.0,9073025950.0
2019-07-08,,0.2051623965127991,,0.177919608026417,,0.9692000000002198,,0.9692000000002198,,34.28,,34.28,,0.4522708729942888,,0.4522708729942888,,9073025950.0,,9073025950.0
2019-07-15,,0.21123898031431945,0.22,0.171280319517299,,0.8139333333339868,0.9692000000002198,0.8139333333339868,,30.784999999999997,-999.0,30.784999999999997,,0.5340645156931155,5671.0,0.5340645156931155,,9073025950.0,9073025950.0,9073025950.0
2019-07-16,0.186,,,0.191669337534679,0.8139333333339868,,,0.8139333333339868,-999.0,,,,-999.0,,,,9073025950.0,,,9073025950.0
2019-07-17,0.186,0.6089270241915743,0.625,0.199002681516706,0.8139333333339868,0.6586666666677538,0.8139333333339868,0.8139333333339868,-999.0,34.800000000000004,-999.0,34.800000000000004,-999.0,0.6247014670760832,5907.0,0.6247014670760832,9073025950.0,9075025945.0,9073025950.0,9073025950.0
2019-07-18,0.186,,,0.194616872572252,0.8139333333339868,,,0.8139333333339868,-999.0,,,,-999.0,,,,9073025950.0,,,9073025950.0
2019-07-19,0.186,,,0.272937972631748,0.8139333333339868,,,0.8139333333339868,-999.0,,,,-999.0,,,,9073025950.0,,,9073025950.0
2019-07-20,0.186,,,0.210134516198381,0.8139333333339868,,,0.8139333333339868,-999.0,,,,-999.0,,,,9073025950.0,,,9073025950.0
2019-07-21,0.1905,0.19929524734724988,0.2,0.179906867817395,0.8139333333339868,0.8139333333339868,0.6586666666677538,0.8139333333339868,-999.0,33.235,-999.0,33.235,-999.0,0.7148109422846287,8126.0,0.7148109422846287,9073025950.0,9073025950.0,9075025945.0,9073025950.0
2019-07-22,0.1905,0.15450686402121364,0.13,0.165720446254513,0.8139333333339868,0.8139333333339868,0.6586666666677538,0.8139333333339868,-999.0,37.945,-999.0,37.945,-999.0,0.3862170798389609,5775.0,0.3862170798389609,9073025950.0,9073025950.0,9075025945.0,9073025950.0
2019-07-23,0.19,0.2326907619469616,0.17,0.16790783772481,0.8139333333339868,0.9692000000002198,0.6586666666677538,0.8139333333339868,-999.0,34.4,-999.0,34.4,-999.0,0.7040024821594787,8011.0,0.7040024821594787,9073025950.0,9073025950.0,9075025945.0,9073025950.0
2019-07-24,0.178,,,0.207844745206528,0.6586666666677538,,,0.6586666666677538,-999.0,,,,-999.0,,,,9075025945.0,,,9075025945.0
2019-07-26,,0.1845623628067083,0.16,0.167674745176767,,0.9692000000002198,0.6586666666677538,0.9692000000002198,,33.42,-999.0,33.42,,0.3636363636363637,7950.0,0.3636363636363637,,9073025950.0,9075025945.0,9073025950.0
2019-07-28,,0.25629751815042956,,0.19396274912167,,0.8139333333339868,,0.8139333333339868,,34.38,,34.38,,0.8182093140244378,,0.8182093140244378,,9073025950.0,,9073025950.0
2019-07-29,0.19,,0.16,0.19414162913299,0.9692000000002198,,0.6586666666677538,0.9692000000002198,-999.0,,-999.0,,-999.0,,4395.0,4395.0,9073025950.0,,9075025945.0,9073025950.0
2019-07-30,0.19,0.2112767771602386,,0.211396800685623,0.9692000000002198,0.9692000000002198,,0.9692000000002198,-999.0,35.19,,35.19,-999.0,0.0968981608564369,,0.0968981608564369,9073025950.0,9073025950.0,,9073025950.0
2019-07-31,0.188,,,0.194311314147094,0.9692000000002198,,,0.9692000000002198,-999.0,,,,-999.0,,,,9073025950.0,,,9073025950.0
2019-08-01,0.184,,0.34,0.197261200241095,0.9692000000002198,,0.9692000000002198,0.9692000000002198,-999.0,,-999.0,,-999.0,,6805.0,6805.0,9073025950.0,,9073025950.0,9073025950.0
2019-08-02,0.184,,,0.190790637262766,0.9692000000002198,,,0.9692000000002198,-999.0,,,,-999.0,,,,9073025950.0,,,9073025950.0
2019-08-03,0.185,,0.18,0.193212083988633,0.9692000000002198,,0.9692000000002198,0.9692000000002198,-999.0,,-999.0,,-999.0,,5447.0,5447.0,9073025950.0,,9073025950.0,9073025950.0
2019-08-04,0.185,0.2260094205236256,,0.199372160566755,0.9692000000002198,0.9692000000002198,,0.9692000000002198,-999.0,35.81,,35.81,-999.0,0.7687861271676302,,0.7687861271676302,9073025950.0,9073025950.0,,9073025950.0
2019-08-05,0.185,0.17793202034643912,,0.205870800355526,0.9692000000002198,0.8139333333339868,,0.9692000000002198,-999.0,37.53,,37.53,-999.0,0.441016736251119,,0.441016736251119,9073025950.0,9073025950.0,,9073025950.0
2019-08-06,0.17049999999999998,,,0.194553417036908,0.8139333333339868,,,0.8139333333339868,-999.0,,,,-999.0,,,,9073025950.0,,,9073025950.0
2019-08-07,0.16949999999999998,0.15800424955115794,0.13,0.185062099547865,0.8139333333339868,0.9692000000002198,0.6586666666677538,0.8139333333339868,-999.0,41.38,-999.0,41.38,-999.0,0.4742441209406494,5957.0,0.4742441209406494,9073025950.0,9073025950.0,9075025945.0,9073025950.0
2019-08-08,0.183,0.2105533719832376,,0.178409174632423,0.9692000000002198,0.8139333333339868,,0.9692000000002198,-999.0,38.14,,38.14,-999.0,0.8159233924311367,,0.8159233924311367,9073025950.0,9073025950.0,,9073025950.0
2019-08-09,0.183,0.194703732989815,,0.182009876384702,0.9692000000002198,0.9692000000002198,,0.9692000000002198,-999.0,36.62,,36.62,-999.0,0.5740021193924408,,0.5740021193924408,9073025950.0,9073025950.0,,9073025950.0
2019-08-10,0.183,0.2019830859911056,0.16,0.195644774710583,0.9692000000002198,0.9692000000002198,0.9692000000002198,0.9692000000002198,-999.0,39.51,-999.0,39.51,-999.0,0.560878243512974,6703.0,0.560878243512974,9073025950.0,9073025950.0,9073025950.0,9073025950.0
2019-08-11,0.185,,,0.207681773342977,0.9692000000002198,,,0.9692000000002198,-999.0,,,,-999.0,,,,9073025950.0,,,9073025950.0
2019-08-12,0.185,,,0.218991763674265,0.9692000000002198,,,0.9692000000002198,-999.0,,,,-999.0,,,,9073025950.0,,,9073025950.0
2019-08-13,0.185,0.3168318420673366,0.225,0.196347393263133,0.9692000000002198,0.9692000000002198,0.9692000000002198,0.9692000000002198,-999.0,39.76,-999.0,39.76,-999.0,0.5936272370144041,3216.0,0.5936272370144041,9073025950.0,9073025950.0,9073025950.0,9073025950.0
2019-08-14,0.184,,,0.203380836642363,0.9692000000002198,,,0.9692000000002198,-999.0,,,,-999.0,,,,9073025950.0,,,9073025950.0
2019-08-15,0.184,0.2552612354964482,,0.197443002178244,0.9692000000002198,0.9692000000002198,,0.9692000000002198,-999.0,39.66,,39.66,-999.0,0.4495726495726495,,0.4495726495726495,9073025950.0,9073025950.0,,9073025950.0
2019-08-16,0.19,,,0.208085051937828,0.9692000000002198,,,0.9692000000002198,-999.0,,,,-999.0,,,,9073025950.0,,,9073025950.0
2019-08-17,0.19,,,0.234938196785049,0.9692000000002198,,,0.9692000000002198,-999.0,,,,-999.0,,,,9073025950.0,,,9073025950.0
2019-08-18,,0.2955578428086474,,0.182639858915426,,0.9692000000002198,,0.9692000000002198,,39.48,,39.48,,0.2470111448834853,,0.2470111448834853,,9073025950.0,,9073025950.0
2019-08-19,,0.2301869947201738,,0.18652930318199,,0.9692000000002198,,0.9692000000002198,,39.96,,39.96,,0.4887656842719579,,0.4887656842719579,,9073025950.0,,9073025950.0
2019-08-20,,0.2119548577288478,,0.181157907991344,,0.9692000000002198,,0.9692000000002198,,40.46,,40.46,,0.7079907925024663,,0.7079907925024663,,9073025950.0,,9073025950.0
2019-08-21,,,0.2,0.172793886139961,,,0.9692000000002198,0.9692000000002198,,,-999.0,,,,3335.0,3335.0,,,9073025950.0,9073025950.0
2019-08-22,,0.22882714918207495,0.22,0.177458137717645,,0.9692000000002198,0.6586666666677538,0.9692000000002198,,41.59,-999.0,41.59,,0.7808130081300813,8705.0,0.7808130081300813,,9073025950.0,9075025945.0,9073025950.0
2019-08-24,,0.2839427240821048,,0.190870691396867,,0.9692000000002198,,0.9692000000002198,,42.85,,42.85,,0.4705613874942949,,0.4705613874942949,,9073025950.0,,9073025950.0
2019-08-26,0.187,,,0.245279129002797,0.6586666666677538,,,0.6586666666677538,-999.0,,,,-999.0,,,,9075025945.0,,,9075025945.0
2019-08-27,0.187,,,0.258568489012332,0.6586666666677538,,,0.6586666666677538,-999.0,,,,-999.0,,,,9075025945.0,,,9075025945.0
2019-08-28,0.187,0.20631237784613377,0.2,0.189766357205874,0.6586666666677538,0.8139333333339868,0.6586666666677538,0.6586666666677538,-999.0,45.7,-999.0,45.7,-999.0,0.5792278664731496,5493.0,0.5792278664731496,9075025945.0,9073025950.0,9075025945.0,9075025945.0
2019-08-29,0.187,0.2387417008456996,0.18,0.231790962381184,0.6586666666677538,0.8139333333339868,0.9692000000002198,0.6586666666677538,-999.0,43.655,-999.0,43.655,-999.0,0.8212294141947103,7728.0,0.8212294141947103,9075025945.0,9073025950.0,9073025950.0,9075025945.0
2019-08-30,0.188,,,0.218630387782391,0.6586666666677538,,,0.6586666666677538,-999.0,,,,-999.0,,,,9075025945.0,,,9075025945.0
2019-08-31,0.189,,,0.221569659830231,0.6586666666677538,,,0.6586666666677538,-999.0,,,,-999.0,,,,9075025945.0,,,9075025945.0
2019-09-01,0.19,,,0.212682391370052,0.6586666666677538,,,0.6586666666677538,-999.0,,,,-999.0,,,,9075025945.0,,,9075025945.0
2019-09-02,0.191,0.25139191222433743,0.22999999999999998,0.223054558026263,0.6586666666677538,0.8139333333339868,0.6586666666677538,0.6586666666677538,-999.0,46.15,-999.0,46.15,-999.0,0.5477338397461898,6614.0,0.5477338397461898,9075025945.0,9073025950.0,9075025945.0,9075025945.0
2019-09-03,,0.1837776513658319,0.14,0.21642155423244,,0.8139333333339868,0.8139333333339868,0.8139333333339868,,44.92,-999.0,44.92,,0.6394926388272817,6535.5,0.6394926388272817,,9073025950.0,9073025950.0,9073025950.0
2019-09-04,,,0.11,0.214721464868361,,,0.9692000000002198,0.9692000000002198,,,-999.0,,,,5606.0,5606.0,,,9073025950.0,9073025950.0
2019-09-05,,0.2159672740933662,,0.199761323238137,,0.9692000000002198,,0.9692000000002198,,45.92,,45.92,,0.7362637362637361,,0.7362637362637361,,9073025950.0,,9073025950.0
2019-09-06,,0.17214518706999427,,0.211893245656497,,0.8139333333339868,,0.8139333333339868,,46.025000000000006,,46.025000000000006,,0.5036680215379583,,0.5036680215379583,,9073025950.0,,9073025950.0
2019-09-07,,0.220091602652522,0.2,0.20223166418102,,0.9692000000002198,0.9692000000002198,0.9692000000002198,,47.03,-999.0,47.03,,0.5987193169690501,5047.0,0.5987193169690501,,9073025950.0,9073025950.0,9073025950.0
2019-09-11,,0.2611187242874526,0.26,0.25472973357413,,0.9692000000002198,0.9692000000002198,0.9692000000002198,,49.6,-999.0,49.6,,0.719717544812602,7297.0,0.719717544812602,,9073025950.0,9073025950.0,9073025950.0
2019-09-12,,,0.29,0.212623153695706,,,0.9692000000002198,0.9692000000002198,,,-999.0,,,,4478.0,4478.0,,,9073025950.0,9073025950.0
2019-09-13,,0.1025231017482852,0.12,0.213902530478108,,0.9692000000002198,0.9692000000002198,0.9692000000002198,,51.03,-999.0,51.03,,0.3448106246925725,4173.0,0.3448106246925725,,9073025950.0,9073025950.0,9073025950.0
2019-09-19,,0.2148759831778358,0.16,0.391845741235618,,0.8139333333339868,0.8139333333339868,0.8139333333339868,,50.905,-999.0,50.905,,0.5528750269978531,5605.5,0.5528750269978531,,9073025950.0,9073025950.0,9073025950.0
2019-09-20,,0.1838144882209344,0.12,0.280529711583161,,0.9692000000002198,0.9692000000002198,0.9692000000002198,,51.88,-999.0,51.88,,0.6236811254396248,9428.0,0.6236811254396248,,9073025950.0,9073025950.0,9073025950.0
2019-09-21,,0.20223834218613618,0.2,0.321006175515249,,0.8139333333339868,0.6586666666677538,0.8139333333339868,,53.14,-999.0,53.14,,0.40690307359927524,8063.0,0.40690307359927524,,9073025950.0,9075025945.0,9073025950.0
2019-09-24,,0.49792228181177456,0.4,0.704173112556803,,0.8139333333339868,0.8139333333339868,0.8139333333339868,,52.8,-999.0,52.8,,0.6256303940649677,6012.5,0.6256303940649677,,9073025950.0,9073025950.0,9073025950.0
2020-06-01,0.5525,,,0.247876776836712,0.8139333333339868,,,0.8139333333339868,-999.0,,,,-999.0,,,,9073025950.0,,,9073025950.0
2020-06-02,0.5525,0.5233478320717767,,0.336296083075295,0.8139333333339868,0.9692000000002198,,0.8139333333339868,-999.0,32.97,,32.97,-999.0,0.4853632092518973,,0.4853632092518973,9073025950.0,9073025950.0,,9073025950.0
2020-06-03,0.621,,0.51,0.616016890099435,0.6586666666677538,,0.6586666666677538,0.6586666666677538,-999.0,,-999.0,,-999.0,,7317.0,7317.0,9075025945.0,,9075025945.0,9075025945.0
2020-06-08,,,0.33,0.554319276192146,,,0.9692000000002198,0.9692000000002198,,,-999.0,,,,5572.0,5572.0,,,9073025950.0,9073025950.0
2020-06-18,0.256,,,0.337936596350506,0.9692000000002198,,,0.9692000000002198,-999.0,,,,-999.0,,,,9073025950.0,,,9073025950.0
2020-06-23,,0.2213810847985764,,0.199339349729466,,0.9692000000002198,,0.9692000000002198,,30.24,,30.24,,0.3631315935591339,,0.3631315935591339,,9073025950.0,,9073025950.0
2020-06-24,,,0.64,0.275418955055436,,,0.6586666666677538,0.6586666666677538,,,-999.0,,,,6370.0,6370.0,,,9075025945.0,9075025945.0
2020-06-25,,,0.32,0.232701263425086,,,0.6586666666677538,0.6586666666677538,,,-999.0,,,,9566.0,9566.0,,,9075025945.0,9075025945.0
2020-06-29,,,0.19,0.240515751527188,,,0.6586666666677538,0.6586666666677538,,,-999.0,,,,5608.0,5608.0,,,9075025945.0,9075025945.0
2020-07-10,,0.1700577688066676,,0.222511713764939,,0.9692000000002198,,0.9692000000002198,,34.58,,34.58,,0.1144811180493606,,0.1144811180493606,,9073025950.0,,9073025950.0
2020-07-13,0.227,,,0.285823962359569,0.8139333333339868,,,0.8139333333339868,-999.0,,,,-999.0,,,,9073025950.0,,,9073025950.0
2020-07-14,0.227,0.2910810974725691,,0.216863101952861,0.8139333333339868,0.6586666666677538,,0.8139333333339868,-999.0,31.81,,31.81,-999.0,0.8459251919742382,,0.8459251919742382,9073025950.0,9075025945.0,,9073025950.0
2020-07-15,0.227,,,0.194609235448659,0.8139333333339868,,,0.8139333333339868,-999.0,,,,-999.0,,,,9073025950.0,,,9073025950.0
2020-07-16,0.2265,,,0.2094055587267,0.8139333333339868,,,0.8139333333339868,-999.0,,,,-999.0,,,,9073025950.0,,,9073025950.0
2020-07-17,0.222,,,0.197355748880901,0.8139333333339868,,,0.8139333333339868,-999.0,,,,-999.0,,,,9073025950.0,,,9073025950.0
2020-07-18,0.222,0.2454994816661705,0.28,0.215330754358714,0.8139333333339868,0.9692000000002198,0.6586666666677538,0.8139333333339868,-999.0,34.03,-999.0,34.03,-999.0,0.673982869379015,8753.0,0.673982869379015,9073025950.0,9073025950.0,9075025945.0,9073025950.0
2020-07-19,0.17149999999999999,,,0.205226191512951,0.8139333333339868,,,0.8139333333339868,-999.0,,,,-999.0,,,,9073025950.0,,,9073025950.0
2020-07-20,0.17149999999999999,0.20148834954152545,,0.200882166000307,0.8139333333339868,0.9692000000002198,,0.8139333333339868,-999.0,35.38,,35.38,-999.0,0.6921850079744817,,0.6921850079744817,9073025950.0,9073025950.0,,9073025950.0
2020-07-21,0.16999999999999998,,,0.185027255064783,0.8139333333339868,,,0.8139333333339868,-999.0,,,,-999.0,,,,9073025950.0,,,9073025950.0
2020-07-22,0.16999999999999998,,,0.197338962573276,0.8139333333339868,,,0.8139333333339868,-999.0,,,,-999.0,,,,9073025950.0,,,9073025950.0
2020-07-23,0.16749999999999998,,,0.241056732124822,0.8139333333339868,,,0.8139333333339868,-999.0,,,,-999.0,,,,9073025950.0,,,9073025950.0
2020-07-24,0.16699999999999998,0.2854706936594918,0.21000000000000002,0.238435916115277,0.8139333333339868,0.6586666666677538,0.8139333333339868,0.8139333333339868,-999.0,32.59,-999.0,32.59,-999.0,0.674615002483855,4718.5,0.674615002483855,9073025950.0,9075025945.0,9073025950.0,9073025950.0
2020-07-25,0.16699999999999998,,,0.222870176456723,0.8139333333339868,,,0.8139333333339868,-999.0,,,,-999.0,,,,9073025950.0,,,9073025950.0
2020-07-26,0.16699999999999998,0.17389071539390372,0.12,0.210172022628945,0.8139333333339868,0.8139333333339868,0.6586666666677538,0.8139333333339868,-999.0,35.19,-999.0,35.19,-999.0,0.34897236949806376,4641.0,0.34897236949806376,9073025950.0,9073025950.0,9075025945.0,9073025950.0
2020-07-27,0.1885,0.2195103492500119,,0.195772082782408,0.8139333333339868,0.9692000000002198,,0.8139333333339868,-999.0,36.28,,36.28,-999.0,0.6967349197565025,,0.6967349197565025,9073025950.0,9073025950.0,,9073025950.0
2020-07-28,0.1885,0.1733736149808781,,0.1751665896099,0.8139333333339868,0.8139333333339868,,0.8139333333339868,-999.0,34.04,,34.04,-999.0,0.5819322139357823,,0.5819322139357823,9073025950.0,9073025950.0,,9073025950.0
2020-07-29,0.1875,0.1857565849490575,,0.178414968054484,0.8139333333339868,0.9692000000002198,,0.8139333333339868,-999.0,37.74,,37.74,-999.0,0.563271162123386,,0.563271162123386,9073025950.0,9073025950.0,,9073025950.0
2020-07-30,0.1875,0.2320875272095867,,0.182674663851442,0.8139333333339868,0.9692000000002198,,0.8139333333339868,-999.0,35.03,,35.03,-999.0,0.8083358685731672,,0.8083358685731672,9073025950.0,9073025950.0,,9073025950.0
2020-07-31,0.1875,0.1988740405852878,,0.181416150201605,0.8139333333339868,0.9692000000002198,,0.8139333333339868,-999.0,39.31,,39.31,-999.0,0.1368721732920733,,0.1368721732920733,9073025950.0,9073025950.0,,9073025950.0
2020-08-01,0.1875,0.2301724917916806,,0.187288755266421,0.8139333333339868,0.9692000000002198,,0.8139333333339868,-999.0,36.17,,36.17,-999.0,0.795820895522388,,0.795820895522388,9073025950.0,9073025950.0,,9073025950.0
2020-08-02,0.1925,0.16591199356800987,0.12,0.175885863625566,0.8139333333339868,0.8139333333339868,0.6586666666677538,0.8139333333339868,-999.0,34.80500000000001,-999.0,34.80500000000001,-999.0,0.46830516347508166,5627.0,0.46830516347508166,9073025950.0,9073025950.0,9075025945.0,9073025950.0
2020-08-03,0.19,,,0.231254137571761,0.8139333333339868,,,0.8139333333339868,-999.0,,,,-999.0,,,,9073025950.0,,,9073025950.0
2020-08-04,0.186,0.15407987673151058,0.03,0.173949802533317,0.9692000000002198,0.8139333333339868,0.6586666666677538,0.9692000000002198,-999.0,35.595,-999.0,35.595,-999.0,0.6225753208329766,6334.0,0.6225753208329766,9073025950.0,9073025950.0,9075025945.0,9073025950.0
2020-08-05,0.195,0.17049446739798005,0.23,0.183212465209589,0.9692000000002198,0.9692000000002198,0.6586666666677538,0.9692000000002198,-999.0,38.87,-999.0,38.87,-999.0,0.6649425287356321,8060.0,0.6649425287356321,9073025950.0,9073025950.0,9075025945.0,9073025950.0
2020-08-06,0.197,,,0.227027332437934,0.9692000000002198,,,0.9692000000002198,-999.0,,,,-999.0,,,,9073025950.0,,,9073025950.0
2020-08-07,0.198,,,0.207298678188895,0.9692000000002198,,,0.9692000000002198,-999.0,,,,-999.0,,,,9073025950.0,,,9073025950.0
2020-08-08,0.198,0.1796889920770304,0.175,0.197032236746884,0.9692000000002198,0.6586666666677538,0.8139333333339868,0.9692000000002198,-999.0,38.12,-999.0,38.12,-999.0,0.5897029702970297,5393.5,0.5897029702970297,9073025950.0,9075025945.0,9073025950.0,9073025950.0
2020-08-09,0.201,0.17550452633524374,0.06,0.234181640350284,0.9692000000002198,0.9692000000002198,0.9692000000002198,0.9692000000002198,-999.0,36.69,-999.0,36.69,-999.0,-0.1208151382823871,3174.0,-0.1208151382823871,9073025950.0,9073025950.0,9073025950.0,9073025950.0
2020-08-10,0.2,0.21997821126107964,,0.181752869434024,0.9692000000002198,0.8139333333339868,,0.9692000000002198,-999.0,38.89,,38.89,-999.0,0.6802149584955015,,0.6802149584955015,9073025950.0,9073025950.0,,9073025950.0
2020-08-11,0.161,,,0.23379667803304,0.8139333333339868,,,0.8139333333339868,-999.0,,,,-999.0,,,,9073025950.0,,,9073025950.0
2020-08-12,0.1615,,0.22,0.237702859843413,0.8139333333339868,,0.9692000000002198,0.8139333333339868,-999.0,,-999.0,,-999.0,,6306.0,6306.0,9073025950.0,,9073025950.0,9073025950.0
2020-08-13,0.1615,0.3034012718215936,0.27,0.230745501034728,0.8139333333339868,0.6586666666677538,0.6586666666677538,0.8139333333339868,-999.0,38.32,-999.0,38.32,-999.0,0.8225255972696246,8203.0,0.8225255972696246,9073025950.0,9075025945.0,9075025945.0,9073025950.0
2020-08-14,0.201,,,0.22287375900391,0.9692000000002198,,,0.9692000000002198,-999.0,,,,-999.0,,,,9073025950.0,,,9073025950.0
2020-08-15,0.201,0.24142283211304236,,0.179291069842807,0.9692000000002198,0.8139333333339868,,0.9692000000002198,-999.0,39.38,,39.38,-999.0,0.8012458325299159,,0.8012458325299159,9073025950.0,9073025950.0,,9073025950.0
2020-08-16,0.201,0.11615070493630815,0.12,0.171616299434521,0.9692000000002198,0.8139333333339868,0.6586666666677538,0.9692000000002198,-999.0,38.8,-999.0,38.8,-999.0,0.4339511068401797,6106.0,0.4339511068401797,9073025950.0,9073025950.0,9075025945.0,9073025950.0
2020-08-17,0.201,0.8806431265773932,,0.188484861249139,0.9692000000002198,0.6586666666677538,,0.9692000000002198,-999.0,40.57,,40.57,-999.0,0.7395445493116286,,0.7395445493116286,9073025950.0,9075025945.0,,9073025950.0
2020-08-18,0.189,0.2318749925811414,,0.184989399616418,0.9692000000002198,0.9692000000002198,,0.9692000000002198,-999.0,43.96,,43.96,-999.0,-0.0065814943863724,,-0.0065814943863724,9073025950.0,9073025950.0,,9073025950.0
2020-08-19,,0.1912193699111269,,0.186821987377787,,0.9692000000002198,,0.9692000000002198,,41.89,,41.89,,0.5682199128394235,,0.5682199128394235,,9073025950.0,,9073025950.0
2020-08-23,0.253,,,0.227191143994089,0.9692000000002198,,,0.9692000000002198,-999.0,,,,-999.0,,,,9073025950.0,,,9073025950.0
2020-08-24,0.253,,,0.243885349200874,0.9692000000002198,,,0.9692000000002198,-999.0,,,,-999.0,,,,9073025950.0,,,9073025950.0
2020-08-25,0.253,0.1734355658881227,0.12,0.210095502495077,0.9692000000002198,0.9692000000002198,0.9692000000002198,0.9692000000002198,-999.0,41.84,-999.0,41.84,-999.0,0.404925312878482,2989.0,0.404925312878482,9073025950.0,9073025950.0,9073025950.0,9073025950.0
2020-08-26,0.253,0.2047035078583522,0.2,0.256237889888314,0.9692000000002198,0.6586666666677538,0.8139333333339868,0.9692000000002198,-999.0,43.74,-999.0,43.74,-999.0,0.8455988455988457,6215.0,0.8455988455988457,9073025950.0,9075025945.0,9073025950.0,9073025950.0
2020-08-27,0.253,0.17948510029249384,0.16,0.240220437315127,0.9692000000002198,0.8139333333339868,0.6586666666677538,0.9692000000002198,-999.0,42.61,-999.0,42.61,-999.0,0.5405044345192651,6588.0,0.5405044345192651,9073025950.0,9073025950.0,9075025945.0,9073025950.0
2020-08-28,0.253,0.24756682220083845,,0.23339287434889,0.9692000000002198,0.8139333333339868,,0.9692000000002198,-999.0,45.105000000000004,,45.105000000000004,-999.0,0.7831460971959121,,0.7831460971959121,9073025950.0,9073025950.0,,9073025950.0
2020-08-29,0.253,0.284777822609755,0.235,0.246602470809008,0.9692000000002198,0.9692000000002198,0.9692000000002198,0.9692000000002198,-999.0,43.54,-999.0,43.54,-999.0,0.1672248269703059,1546.0,0.1672248269703059,9073025950.0,9073025950.0,9073025950.0,9073025950.0
2020-08-30,0.254,0.2799003923476117,0.27,0.302340102736944,0.9692000000002198,0.9692000000002198,0.9692000000002198,0.9692000000002198,-999.0,46.58,-999.0,46.58,-999.0,0.641925777331996,7601.0,0.641925777331996,9073025950.0,9073025950.0,9073025950.0,9073025950.0
2020-08-31,0.254,0.2336558869903425,0.22,0.304313089895952,0.9692000000002198,0.9692000000002198,0.9692000000002198,0.9692000000002198,-999.0,46.18,-999.0,46.18,-999.0,0.6273414393690437,6297.0,0.6273414393690437,9073025950.0,9073025950.0,9073025950.0,9073025950.0
2020-09-01,0.254,,,0.200367100745136,0.9692000000002198,,,0.9692000000002198,-999.0,,,,-999.0,,,,9073025950.0,,,9073025950.0
2020-09-02,0.245,0.3109015724456866,,0.212941681827907,0.9692000000002198,0.9692000000002198,,0.9692000000002198,-999.0,45.78,,45.78,-999.0,0.4649160568230735,,0.4649160568230735,9073025950.0,9073025950.0,,9073025950.0
2020-09-03,0.244,,,0.238678740378686,0.9692000000002198,,,0.9692000000002198,-999.0,,,,-999.0,,,,9073025950.0,,,9073025950.0
2020-09-05,,0.19855088479315056,0.19,0.199386000290906,,0.8139333333339868,0.6586666666677538,0.8139333333339868,,45.92,-999.0,45.92,,0.555056156054452,7646.0,0.555056156054452,,9073025950.0,9075025945.0,9073025950.0
2020-09-07,,0.4800843134591025,0.25,0.681271432188679,,0.8139333333339868,0.9692000000002198,0.8139333333339868,,46.91,-999.0,46.91,,0.6596492876995582,6595.0,0.6596492876995582,,9073025950.0,9073025950.0,9073025950.0
2020-09-08,0.227,,,0.41530366940875,0.9692000000002198,,,0.9692000000002198,-999.0,,,,-999.0,,,,9073025950.0,,,9073025950.0
2020-09-09,0.227,0.2993132907271672,,0.24558066580924,0.9692000000002198,0.8139333333339868,,0.9692000000002198,-999.0,48.015,,48.015,-999.0,0.8843968134640894,,0.8843968134640894,9073025950.0,9073025950.0,,9073025950.0
2020-09-10,0.23,0.0725494523761523,0.14,0.230038586511416,0.9692000000002198,0.8139333333339868,0.9692000000002198,0.9692000000002198,-999.0,51.58,-999.0,51.58,-999.0,0.12051024356973519,3739.0,0.12051024356973519,9073025950.0,9073025950.0,9073025950.0,9073025950.0
2020-09-11,0.226,0.2733069393796714,0.25,0.205465451566767,0.9692000000002198,0.9692000000002198,0.6586666666677538,0.9692000000002198,-999.0,49.23,-999.0,49.23,-999.0,0.7965084560829242,8468.0,0.7965084560829242,9073025950.0,9073025950.0,9075025945.0,9073025950.0
2020-09-12,0.227,,,0.217123218099652,0.9692000000002198,,,0.9692000000002198,-999.0,,,,-999.0,,,,9073025950.0,,,9073025950.0
2020-09-13,0.227,0.2352085017348066,0.24,0.196826075330344,0.9692000000002198,0.9692000000002198,0.9692000000002198,0.9692000000002198,-999.0,50.56,-999.0,50.56,-999.0,0.4270500532481363,4365.0,0.4270500532481363,9073025950.0,9073025950.0,9073025950.0,9073025950.0
2020-09-14,0.227,0.2447262581922036,0.195,0.209535076778607,0.9692000000002198,0.8139333333339868,0.8139333333339868,0.9692000000002198,-999.0,49.370000000000005,-999.0,49.370000000000005,-999.0,0.5855881314023312,5853.5,0.5855881314023312,9073025950.0,9073025950.0,9073025950.0,9073025950.0
2020-09-15,0.227,,,0.221717587203966,0.9692000000002198,,,0.9692000000002198,-999.0,,,,-999.0,,,,9073025950.0,,,9073025950.0
2020-09-16,0.228,0.1594930474598805,0.11,0.214154477026056,0.9692000000002198,0.8139333333339868,0.8139333333339868,0.9692000000002198,-999.0,50.405,-999.0,50.405,-999.0,0.6178519181132884,6314.0,0.6178519181132884,9073025950.0,9073025950.0,9073025950.0,9073025950.0
2020-09-17,0.228,0.1602549131017378,0.25,0.214917107551965,0.9692000000002198,0.9692000000002198,0.8139333333339868,0.9692000000002198,-999.0,53.5,-999.0,53.5,-999.0,0.5128644939965695,5815.5,0.5128644939965695,9073025950.0,9073025950.0,9073025950.0,9073025950.0
2020-09-18,0.233,0.2523604566143808,0.06,0.23409132852781,0.9692000000002198,0.9692000000002198,0.6586666666677538,0.9692000000002198,-999.0,51.55,-999.0,51.55,-999.0,0.6619817287420942,7342.0,0.6619817287420942,9073025950.0,9073025950.0,9075025945.0,9073025950.0
