Timestamp,Albedo
2014-09-11,0.760027167
2014-09-12,0.71611986
2014-09-13,0.696420256
2014-09-14,0.659960682
2014-09-15,0.624466546
2014-09-16,0.723091829
2014-09-17,0.714555292
2014-09-18,0.725605409
2014-09-19,0.654566024
2014-09-20,0.636565744
2014-09-21,0.616790455
2014-09-22,0.619380968
2014-09-23,0.581666768
2014-09-24,0.574546806
2014-09-25,0.549458498
2014-09-26,0.510357681
2014-09-27,0.632011106
2014-09-28,0.915071048
2014-09-29,0.842371961
2014-09-30,0.745273941
2014-10-01,0.811943895
2014-10-02,0.833364357
2014-10-03,0.81607716
2014-10-04,0.755095586
2014-10-05,0.830773824
2014-10-06,0.952283575
2014-10-07,0.859596602
2014-10-08,0.790002664
2014-10-09,0.852145664
2014-10-10,0.804671332
2014-10-11,0.775072829
2014-10-12,0.765048684
2014-10-13,0.703095022
2014-10-14,0.714774106
2014-10-15,0.676320034
2014-10-16,0.667430129
2014-10-17,0.677880194
2014-10-18,0.646712003
2014-10-19,0.675889738
2014-10-20,0.831044905
2014-10-22,0.791545177
2014-10-23,0.679381341
2014-10-24,0.620405916
2014-10-25,0.60334444
2014-10-26,0.594041133
2014-10-27,0.549039276
2014-10-28,0.515141523
2014-10-29,0.503879052
2014-10-30,0.512214866
2014-10-31,0.508931845
2014-11-01,0.52992387
2014-11-02,0.586246522
2014-11-03,0.464962729
2014-11-04,0.438131078
2014-11-05,0.445528494
2014-11-06,0.432803232
2014-11-07,0.428111506
2014-11-08,0.432595512
2014-11-09,0.38044079
2014-11-10,0.394989005
2014-11-11,0.382414691
2014-11-12,0.380504677
2014-11-13,0.383946971
2014-11-14,0.398019541
2014-11-15,0.547130827
2014-11-16,0.847596696
2014-11-17,0.873434342
2014-11-18,0.747815588
2014-11-19,0.68200534
2014-11-20,0.645512326
2014-11-21,0.6084322
2014-11-22,0.586870446
2014-11-23,0.581637548
2014-11-24,0.53571503
2014-11-25,0.486984147
2014-11-26,0.454529144
2014-11-27,0.449887128
2014-11-28,0.399873697
2014-11-29,0.412769917
2014-11-30,0.580581898
2014-12-01,0.803460474
2014-12-02,0.737285584
2014-12-03,0.698019241
2014-12-04,0.726754636
2014-12-05,0.852141444
2014-12-06,0.706738173
2014-12-07,0.601752941
2014-12-08,0.534432205
2014-12-09,0.496932665
2014-12-10,0.534584756
2014-12-11,0.482848107
2014-12-12,0.472149112
2014-12-13,0.434813737
2014-12-14,0.434053985
2014-12-15,0.45775536
2014-12-16,0.40558795
2014-12-17,0.385780773
2014-12-18,0.34744528
2014-12-19,0.405298701
2014-12-20,0.560964217
2014-12-21,0.495295413
2014-12-22,0.446640512
2014-12-23,0.637258655
2014-12-24,0.738910504
2014-12-25,0.730486972
2014-12-26,0.893277737
2014-12-27,0.83712089
2014-12-28,0.753747526
2014-12-29,0.742554462
2014-12-30,0.671286788
2014-12-31,0.828246537
2015-01-01,0.609555527
2015-01-02,0.828939278
2015-01-03,0.740515996
2015-01-04,0.801797773
2015-01-05,0.891083904
2015-01-06,0.823772882
2015-01-07,0.791912165
2015-01-08,0.805428183
2015-01-09,0.864720189
2015-01-10,0.873077015
2015-01-11,0.69934869
2015-01-12,0.654848084
2015-01-13,0.730698735
2015-01-14,0.632516798
2015-01-15,0.639472858
2015-01-16,0.657957909
2015-01-17,0.635369455
2015-01-18,0.570859333
2015-01-19,0.525580484
2015-01-20,0.523631186
2015-01-21,0.874764786
2015-01-22,0.91556809
2015-01-25,0.801597829
2015-01-26,0.741779558
2015-01-27,0.77314538
2015-01-28,0.865986998
2015-01-29,0.823617384
2015-01-30,0.803400248
2015-02-03,0.788041511
2015-02-04,0.797296437
2015-02-05,0.751927911
2015-02-07,0.86468493
2015-02-08,0.91579946
2015-02-10,0.885079823
2015-02-11,0.91050016
2015-02-12,0.794308205
2015-02-13,0.867230204
2015-02-14,0.951757512
2015-02-15,0.897209015
2015-02-16,0.950389333
2015-02-17,0.872657587
2015-02-18,0.692078195
2015-02-19,0.719760028
2015-02-20,0.71625438
2015-02-21,0.78240273
2015-02-22,0.777105702
2015-02-23,0.860017702
2015-02-24,0.925229716
2015-02-25,0.762719157
2015-02-27,0.817860283
2015-02-28,0.785868792
2015-03-01,0.732736413
2015-03-02,0.764235082
2015-03-03,0.82488701
2015-03-04,0.913771777
2015-03-05,0.874790973
2015-03-10,0.8480273
2015-03-11,0.854283325
2015-03-12,0.806926899
2015-03-13,0.80999197
2015-03-14,0.782264413
2015-03-15,0.77263919
2015-03-19,0.946993843
2015-03-20,0.887949049
2015-03-21,0.940787932
2015-03-22,0.785374677
2015-03-24,0.845414625
2015-03-25,0.899805797
2015-03-26,0.815657235
2015-03-27,0.736742596
2015-03-28,0.723853577
2015-03-29,0.718518853
2015-03-30,0.7449436
2015-03-31,0.805404809
2015-04-01,0.781357584
2015-04-03,0.801102108
2015-04-04,0.771775107
2015-04-05,0.79790285
2015-04-06,0.854213818
2015-04-07,0.871560658
2015-04-08,0.849868215
2015-04-10,0.826826058
2015-04-12,0.913022639
2015-04-13,0.902337155
2015-04-15,0.787272838
2015-04-16,0.849426928
2015-04-17,0.78991324
2015-04-18,0.776706788
2015-04-20,0.870863662
2015-04-22,0.798283848
2015-04-25,0.894941932
2015-04-29,0.822147995
2015-04-30,0.833133321
2015-05-01,0.810060457
2015-05-02,0.765288801
2015-05-03,0.747455686
2015-05-04,0.764826914
2015-05-05,0.789478284
2015-05-06,0.845016047
2015-05-07,0.846493357
2015-05-08,0.871468624
2015-05-09,0.793117168
2015-05-10,0.789833188
2015-05-11,0.784728538
2015-05-12,0.788392285
2015-05-13,0.78474207
2015-05-14,0.766770186
2015-05-15,0.817804074
2015-05-16,0.856526213
2015-05-17,0.764851492
2015-05-18,0.785681122
2015-05-19,0.828064288
2015-05-20,0.822889144
2015-05-21,0.773215249
2015-05-22,0.754049085
2015-05-23,0.774852264
2015-05-24,0.751758019
2015-05-25,0.821026293
2015-05-26,0.804240962
2015-05-27,0.773687093
2015-05-28,0.741139975
2015-05-29,0.742575274
2015-05-30,0.748925112
2015-05-31,0.744062261
2015-06-01,0.79339807
2015-06-02,0.772765412
2015-06-03,0.754462614
2015-06-04,0.757186377
2015-06-05,0.720899134
2015-06-06,0.715867933
2015-06-07,0.713063506
2015-06-08,0.714619611
2015-06-09,0.743481933
2015-06-10,0.70958378
2015-06-11,0.709908753
2015-06-12,0.705637144
2015-06-13,0.69644161
2015-06-14,0.690074595
2015-06-15,0.732625177
2015-06-16,0.724163826
2015-06-17,0.688405717
2015-06-18,0.713976895
2015-06-19,0.697438399
2015-06-20,0.680521674
2015-06-21,0.70955608
2015-06-22,0.693826462
2015-06-23,0.703622971
2015-06-24,0.709782594
2015-06-25,0.696937992
2015-06-26,0.695775138
2015-06-27,0.692244876
2015-06-28,0.704982073
2015-06-29,0.695560345
2015-06-30,0.690565913
2015-07-01,0.707967292
2015-07-02,0.68238544
2015-07-03,0.785227779
2015-07-04,0.818062859
2015-07-05,0.801183899
2015-07-06,0.715271238
2015-07-07,0.694774695
2015-07-08,0.705200193
2015-07-09,0.693698947
2015-07-10,0.688106154
2015-07-11,0.682678585
2015-07-12,0.681250023
2015-07-13,0.679570715
2015-07-14,0.680165654
2015-07-15,0.671425886
2015-07-16,0.664021431
2015-07-17,0.651786749
2015-07-18,0.653128478
2015-07-19,0.66444042
2015-07-20,0.648709347
2015-07-21,0.653437556
2015-07-22,0.648661907
2015-07-23,0.677576761
2015-07-24,0.634434367
2015-07-25,0.629900804
2015-07-26,0.631342808
2015-07-27,0.630032237
2015-07-28,0.649784606
2015-07-29,0.618790085
2015-07-30,0.613621328
2015-07-31,0.640405317
2015-08-01,0.669201533
2015-08-02,0.60450705
2015-08-03,0.646893465
2015-08-04,0.597632317
2015-08-05,0.585038406
2015-08-06,0.580949005
2015-08-07,0.573933217
2015-08-08,0.610722506
2015-08-09,0.537622277
2015-08-10,0.553223005
2015-08-11,0.726466608
2015-08-12,0.748141025
2015-08-13,0.855512035
2015-08-14,0.702052752
2015-08-15,0.686222033
2015-08-16,0.749104424
2015-08-17,0.71390674
2015-08-18,0.716808411
2015-08-19,0.732264295
2015-08-20,0.6867628
2015-08-21,0.723986978
2015-08-22,0.628924134
2015-08-23,0.6385833
2015-08-24,0.619474653
2015-08-25,0.608647532
2015-08-26,0.587441524
2015-08-27,0.565472025
2015-08-28,0.550730231
2015-08-29,0.537204546
2015-08-30,0.525662868
2015-08-31,0.508592684
2015-09-01,0.52029697
2015-09-02,0.700369528
2015-09-03,0.882722196
2015-09-04,0.910969064
2015-09-05,0.812886049
2015-09-06,0.737987294
2015-09-07,0.719930432
2015-09-08,0.674640755
2015-09-09,0.65239789
2015-09-10,0.604084154
2015-09-11,0.600888256
2015-09-12,0.540661142
2015-09-13,0.50334453
2015-09-14,0.486397316
2015-09-15,0.475137627
2015-09-16,0.48188311
2015-09-17,0.507662444
2015-09-18,0.598907762
2015-09-19,0.706387377
2015-09-20,0.597540297
2015-09-21,0.507496515
2015-09-22,0.5966015
2015-09-23,0.695467045
2015-09-24,0.567248169
2015-09-25,0.557920095
2015-09-26,0.616666941
2015-09-27,0.484319751
2015-09-28,0.453016455
2015-09-29,0.449900788
2015-09-30,0.444193379
2015-10-01,0.442264448
2015-10-02,0.710950918
2015-10-03,0.710252493
2015-10-04,0.560870078
2015-10-05,0.486945806
2015-10-06,0.486721276
2015-10-07,0.447390713
2015-10-08,0.413451111
2015-10-09,0.392568349
2015-10-10,0.382955394
2015-10-11,0.367122679
2015-10-12,0.359164223
2015-10-13,0.358348319
2015-10-14,0.36219525
2015-10-15,0.39260711
2015-10-16,0.427907602
2015-10-17,0.473515982
2015-10-18,0.450288706
2015-10-19,0.621148028
2015-10-20,0.444012933
2015-10-21,0.4365011
2015-10-22,0.406565218
2015-10-23,0.48454375
2015-10-24,0.624344578
2015-10-25,0.76580661
2015-10-26,0.782074343
2015-10-27,0.818004413
2015-10-28,0.93855399
2015-10-29,0.751240871
2015-10-30,0.698707299
2015-10-31,0.661103427
2015-11-01,0.648661304
2015-11-02,0.629411815
2015-11-03,0.640762773
2015-11-04,0.611458233
2015-11-05,0.591119701
2015-11-06,0.560917021
2015-11-07,0.540704171
2015-11-08,0.539495448
2015-11-09,0.762327609
2015-11-10,0.856157957
2015-11-11,0.801183606
2015-11-12,0.846323203
2015-11-13,0.781374328
2015-11-14,0.844648925
2015-11-15,0.78099052
2015-11-16,0.658349424
2015-11-17,0.623099036
2015-11-18,0.610943659
2015-11-19,0.547872881
2015-11-20,0.50956796
2015-11-21,0.48297222
2015-11-22,0.498059433
2015-11-23,0.54495895
2015-11-24,0.614247511
2015-11-25,0.746797618
2015-11-26,0.734067685
2015-11-27,0.68248791
2015-11-28,0.60495078
2015-11-29,0.531565921
2015-11-30,0.543402174
2015-12-01,0.51882792
2015-12-02,0.59672752
2015-12-03,0.635663961
2015-12-04,0.584728739
2015-12-05,0.486809036
2015-12-06,0.451764441
2015-12-07,0.466370168
2015-12-08,0.655157483
2015-12-09,0.704255764
2015-12-10,0.611346927
2015-12-11,0.478793465
2015-12-12,0.440252081
2015-12-13,0.407668197
2015-12-14,0.387254353
2015-12-15,0.325603674
2015-12-16,0.602563862
2015-12-17,0.539426842
2015-12-18,0.644278562
2015-12-19,0.834091303
2015-12-20,0.686510033
2015-12-21,0.590485866
2015-12-22,0.725077389
2015-12-23,0.864446934
2015-12-24,0.948937267
2015-12-25,0.956518729
2015-12-26,0.822645561
2015-12-27,0.687833844
2015-12-28,0.653056506
2015-12-29,0.621483367
2015-12-30,0.581419781
2015-12-31,0.541173669
2016-01-01,0.532026773
2016-01-02,0.518598622
2016-01-03,0.502819229
2016-01-04,0.456216617
2016-01-05,0.514485713
2016-01-06,0.760679537
2016-01-07,0.857086332
2016-01-08,0.6420549
2016-01-09,0.590703476
2016-01-10,0.521095449
2016-01-11,0.480988582
2016-01-12,0.521774076
2016-01-13,0.490110489
2016-01-14,0.409085675
2016-01-15,0.391262291
2016-01-16,0.359771778
2016-01-17,0.352652344
2016-01-18,0.479054574
2016-01-19,0.717920622
2016-01-20,0.69414036
2016-01-21,0.696823894
2016-01-22,0.636021916
2016-01-23,0.566092577
2016-01-24,0.570351042
2016-01-25,0.390800189
2016-01-26,0.40181863
2016-01-27,0.393185018
2016-01-28,0.538828694
2016-01-29,0.418388425
2016-01-30,0.340578152
2016-01-31,0.390013031
2016-02-01,0.750254702
2016-02-02,0.858475841
2016-02-03,0.707912162
2016-02-04,0.627040492
2016-02-05,0.626308986
2016-02-06,0.815826687
2016-02-07,0.915262287
2016-02-09,0.950317325
2016-02-10,0.922278994
2016-02-11,0.928292433
2016-02-12,0.848153557
2016-02-14,0.725714602
2016-02-15,0.780516267
2016-02-17,0.754732333
2016-02-18,0.825723293
2016-02-19,0.811821118
2016-02-20,0.91607362
2016-02-22,0.899655806
2016-02-24,0.878832956
2016-02-25,0.75884967
2016-02-26,0.82455287
2016-02-27,0.705789566
2016-02-28,0.671591022
2016-02-29,0.677434959
2016-03-01,0.720435338
2016-03-02,0.739639675
2016-03-03,0.722725804
2016-03-04,0.735689066
2016-03-05,0.659103504
2016-03-06,0.647273322
2016-03-07,0.701829379
2016-03-09,0.727690395
2016-03-10,0.797260415
2016-03-11,0.713661703
2016-03-12,0.846434181
2016-03-13,0.85160209
2016-03-14,0.767398634
2016-03-15,0.863246557
2016-03-16,0.698213607
2016-03-17,0.782735116
2016-03-18,0.720131059
2016-03-20,0.83862293
2016-03-21,0.845648166
2016-03-22,0.815497582
2016-03-23,0.765634664
2016-03-24,0.692526809
2016-03-25,0.660413224
2016-03-26,0.705228516
2016-03-27,0.664017289
2016-03-28,0.66379035
2016-03-29,0.641421142
2016-03-30,0.660853303
2016-03-31,0.760625381
2016-04-01,0.81787217
2016-04-02,0.87829514
2016-04-03,0.8229378
2016-04-05,0.76267272
2016-04-06,0.812843053
2016-04-07,0.880350659
2016-04-08,0.891021549
2016-04-09,0.865755002
2016-04-10,0.789411548
2016-04-11,0.921925304
2016-04-12,0.813075217
2016-04-13,0.730496909
2016-04-14,0.744802189
2016-04-15,0.781135984
2016-04-16,0.939531018
2016-04-18,0.868068228
2016-04-20,0.785964548
2016-04-21,0.833600271
2016-04-22,0.850775974
2016-04-23,0.727242451
2016-04-24,0.73705877
2016-04-25,0.722719542
2016-04-26,0.717723853
2016-04-27,0.73180773
2016-04-28,0.726355167
2016-04-29,0.715474126
2016-04-30,0.729942116
2016-05-01,0.791136109
2016-05-02,0.776808157
2016-05-03,0.793736453
2016-05-04,0.800924994
2016-05-05,0.768162715
2016-05-06,0.742145051
2016-05-07,0.745863716
2016-05-08,0.732190416
2016-05-09,0.739258338
2016-05-10,0.733529276
2016-05-11,0.725442
2016-05-12,0.737808794
2016-05-13,0.722074594
2016-05-14,0.739865889
2016-05-15,0.744173338
2016-05-16,0.745722319
2016-05-17,0.76749191
2016-05-18,0.726656715
2016-05-19,0.707258108
2016-05-20,0.693508289
2016-05-21,0.699253384
2016-05-22,0.692284101
2016-05-23,0.721451955
2016-05-24,0.761528769
2016-05-25,0.733560608
2016-05-26,0.684775476
2016-05-27,0.685230984
2016-05-28,0.67830694
2016-05-29,0.670028899
2016-05-30,0.657106728
2016-05-31,0.646886878
2016-06-01,0.666093034
2016-06-02,0.644834422
2016-06-03,0.658187531
2016-06-04,0.662690661
2016-06-05,0.662206361
2016-06-06,0.65363934
2016-06-07,0.651701347
2016-06-08,0.662356036
2016-06-09,0.653602621
2016-06-10,0.659884779
2016-06-11,0.645856836
2016-06-12,0.679698844
2016-06-13,0.664339896
2016-06-14,0.676271004
2016-06-15,0.685293622
2016-06-16,0.680704486
2016-06-17,0.669207688
2016-06-18,0.645033084
2016-06-19,0.626500195
2016-06-20,0.610228723
2016-06-21,0.583484688
2016-06-22,0.577308423
2016-06-23,0.580680275
2016-06-24,0.586959456
2016-06-25,0.573840938
2016-06-26,0.562396406
2016-06-27,0.586552054
2016-06-28,0.85192315
2016-06-29,0.788418104
2016-06-30,0.715998675
2016-07-01,0.719263474
2016-07-02,0.720641817
2016-07-03,0.713708755
2016-07-04,0.722473416
2016-07-05,0.640357417
2016-07-06,0.678621178
2016-07-07,0.927250625
2016-07-10,0.811073761
2016-07-11,0.79693965
2016-07-12,0.78819054
2016-07-13,0.779974153
2016-07-14,0.771991146
2016-07-15,0.769001559
2016-07-16,0.757321639
2016-07-17,0.818526009
2016-07-18,0.764675694
2016-07-19,0.750218154
2016-07-20,0.760780911
2016-07-21,0.755087108
2016-07-22,0.748616591
2016-07-23,0.736907077
2016-07-24,0.718989475
2016-07-25,0.684212547
2016-07-26,0.692596246
2016-07-27,0.674019562
2016-07-28,0.656691115
2016-07-29,0.644781943
2016-07-30,0.635911068
2016-07-31,0.620276845
2016-08-01,0.606417113
2016-08-02,0.585654066
2016-08-03,0.57750736
2016-08-04,0.592144408
2016-08-05,0.557295759
2016-08-06,0.566383076
2016-08-07,0.585657183
2016-08-08,0.543008438
2016-08-09,0.530790734
2016-08-10,0.54411082
2016-08-11,0.531759786
2016-08-12,0.521100411
2016-08-13,0.519911209
2016-08-14,0.499050011
2016-08-15,0.492114983
2016-08-16,0.475718992
2016-08-17,0.476893348
2016-08-18,0.535359755
2016-08-19,0.583945653
2016-08-20,0.476667372
2016-08-21,0.451065208
2016-08-22,0.451584398
2016-08-23,0.449491513
2016-08-24,0.498593729
2016-08-25,0.636296747
2016-08-26,0.65947264
2016-08-27,0.793082589
2016-08-28,0.591909455
2016-08-29,0.545521171
2016-08-30,0.494841756
2016-08-31,0.465568292
2016-09-01,0.436317296
2016-09-02,0.464931796
2016-09-03,0.475531645
2016-09-04,0.491067936
2016-09-05,0.468609122
2016-09-06,0.469462997
2016-09-07,0.471491794
2016-09-08,0.434859798
2016-09-09,0.448899149
2016-09-10,0.515583606
2016-09-11,0.519425558
2016-09-12,0.496584513
2016-09-13,0.467324878
2016-09-14,0.448098644
2016-09-15,0.469987907
2016-09-16,0.583570134
2016-09-17,0.749003551
2016-09-18,0.686001581
2016-09-19,0.610571867
2016-09-20,0.582545493
2016-09-21,0.532352855
2016-09-22,0.482945575
2016-09-23,0.585521635
2016-09-24,0.691685275
2016-09-25,0.603640006
2016-09-26,0.503631087
2016-09-27,0.563950935
2016-09-28,0.703427077
2016-09-29,0.678617018
2016-09-30,0.5757177
2016-10-01,0.5092816
2016-10-02,0.595476848
2016-10-03,0.546956451
2016-10-04,0.513877985
2016-10-05,0.425390789
2016-10-06,0.389168777
2016-10-07,0.40311867
2016-10-08,0.412221886
2016-10-09,0.479185654
2016-10-10,0.510624573
2016-10-11,0.526014823
2016-10-12,0.430754202
2016-10-13,0.401813838
2016-10-14,0.42290961
2016-10-15,0.399008329
2016-10-16,0.425501519
2016-10-17,0.374910612
2016-10-18,0.430942173
2016-10-19,0.361928598
2016-10-20,0.55113894
2016-10-21,0.615957055
2016-10-22,0.51815553
2016-10-23,0.54103673
2016-10-24,0.50433069
2016-10-25,0.408634789
2016-10-26,0.370968729
2016-10-27,0.37805759
2016-10-28,0.420788065
2016-10-29,0.654777614
2016-10-30,0.549251143
2016-10-31,0.414330851
2016-11-01,0.375176646
2016-11-02,0.400550594
2016-11-03,0.373538219
2016-11-04,0.35166079
2016-11-05,0.524628834
2016-11-06,0.814882057
2016-11-07,0.698726777
2016-11-08,0.63222024
2016-11-09,0.577581102
2016-11-10,0.491998706
2016-11-11,0.403265072
2016-11-12,0.398163518
2016-11-13,0.402832269
2016-11-14,0.371796721
2016-11-15,0.361139172
2016-11-16,0.346479952
2016-11-17,0.326098779
2016-11-18,0.307300979
2016-11-19,0.403911407
2016-11-20,0.336446838
2016-11-21,0.335031237
2016-11-22,0.321033919
2016-11-23,0.312996668
2016-11-24,0.327962962
2016-11-25,0.306463803
2016-11-26,0.313001402
2016-11-27,0.328392592
2016-11-28,0.321489413
2016-11-29,0.305329746
2016-11-30,0.314233363
2016-12-01,0.343665678
2016-12-02,0.290842878
2016-12-03,0.493964386
2016-12-04,0.70774826
2016-12-05,0.573043151
2016-12-06,0.450155382
2016-12-07,0.523996387
2016-12-08,0.557545202
2016-12-09,0.596288489
2016-12-10,0.523610994
2016-12-11,0.460852259
2016-12-12,0.446648004
2016-12-13,0.397347192
2016-12-14,0.569428899
2016-12-15,0.742155725
2016-12-16,0.550687136
2016-12-17,0.559832001
2016-12-18,0.447805338
2016-12-19,0.390600332
2016-12-21,0.41792379
2016-12-22,0.427297495
2016-12-23,0.432084105
2016-12-24,0.71769028
2016-12-26,0.761576313
2016-12-27,0.680138754
2016-12-28,0.600289813
2016-12-29,0.845903056
2016-12-30,0.924361332
2016-12-31,0.761516957
2017-01-03,0.969139534
2017-01-04,0.901486328
2017-01-05,0.86888107
2017-01-07,0.816395879
2017-01-08,0.697504406
2017-01-09,0.757122621
2017-01-10,0.899521453
2017-01-11,0.871800956
2017-01-12,0.91888826
2017-01-13,0.879476853
2017-01-14,0.894539732
2017-01-16,0.92299946
2017-01-17,0.94356153
2017-01-18,0.892491585
2017-01-19,0.82463378
2017-01-20,0.792471804
2017-01-21,0.787276369
2017-01-22,0.740642
2017-01-23,0.735917693
2017-01-24,0.806056577
2017-01-25,0.884436699
2017-01-27,0.809144737
2017-01-28,0.932766538
2017-01-29,0.943368742
2017-01-30,0.806003481
2017-01-31,0.680797554
2017-02-01,0.682769092
2017-02-02,0.648492978
2017-02-03,0.64834177
2017-02-04,0.641678274
2017-02-05,0.643387543
2017-02-06,0.638672555
2017-02-07,0.639011385
2017-02-08,0.6108219
2017-02-09,0.713973302
2017-02-10,0.780564785
2017-02-11,0.704857966
2017-02-12,0.661916488
2017-02-13,0.649278106
2017-02-14,0.63449721
2017-02-15,0.617182761
2017-02-16,0.649427922
2017-02-17,0.754961342
2017-02-18,0.633633571
2017-02-19,0.719165934
2017-02-20,0.623135637
2017-02-21,0.683562768
2017-02-22,0.950889486
2017-02-23,0.937641262
2017-02-24,0.904036242
2017-02-28,0.770466037
2017-03-01,0.758083113
2017-03-02,0.812168772
2017-03-03,0.809594774
2017-03-04,0.861513922
2017-03-05,0.832506289
2017-03-06,0.917086955
2017-03-07,0.929918314
2017-03-08,0.905603123
2017-03-10,0.922961673
2017-03-12,0.86381435
2017-03-13,0.825838556
2017-03-14,0.825035004
2017-03-15,0.845313652
2017-03-16,0.812349047
2017-03-17,0.769017733
2017-03-18,0.77467397
2017-03-19,0.885869329
2017-03-20,0.941616721
2017-03-25,0.78237886
2017-03-26,0.856868122
2017-03-27,0.956428729
2017-03-28,0.943980951
2017-03-29,0.898576099
2017-03-30,0.832825967
2017-04-02,0.875749076
2017-04-03,0.769668749
2017-04-04,0.802996305
2017-04-05,0.764318772
2017-04-07,0.796366064
2017-04-08,0.750403927
2017-04-09,0.791264593
2017-04-10,0.720231928
2017-04-11,0.748737829
2017-04-12,0.929278319
2017-04-14,0.794187721
2017-04-15,0.850921707
2017-04-17,0.876693862
2017-04-18,0.828202254
2017-04-19,0.722459439
2017-04-20,0.713363178
2017-04-21,0.709916794
2017-04-22,0.727106841
2017-04-23,0.825535112
2017-04-24,0.802021807
2017-04-25,0.707437489
2017-04-26,0.757275719
2017-04-27,0.806001371
2017-04-28,0.80620425
2017-04-29,0.895597172
2017-04-30,0.72973938
2017-05-01,0.745286223
2017-05-02,0.752151873
2017-05-03,0.701565066
2017-05-04,0.747876634
2017-05-05,0.734378759
2017-05-06,0.733216949
2017-05-07,0.788131245
2017-05-08,0.708902939
2017-05-09,0.738573438
2017-05-10,0.853268871
2017-05-11,0.760379333
2017-05-12,0.704191928
2017-05-13,0.696424276
2017-05-14,0.729312086
2017-05-15,0.685777566
2017-05-16,0.761284402
2017-05-17,0.749745073
2017-05-18,0.684750009
2017-05-19,0.724759579
2017-05-20,0.687016822
2017-05-21,0.812254021
2017-05-22,0.889604563
2017-05-23,0.833563611
2017-05-24,0.829818451
2017-05-25,0.814189572
2017-05-26,0.846682485
2017-05-27,0.80397238
2017-05-28,0.829407833
2017-05-29,0.86042062
2017-05-30,0.93117888
2017-05-31,0.785119918
2017-06-01,0.75723899
2017-06-02,0.767470632
2017-06-03,0.830156524
2017-06-04,0.826803655
2017-06-05,0.833366088
2017-06-06,0.861906623
2017-06-07,0.739878069
2017-06-08,0.803006573
2017-06-09,0.73215693
2017-06-10,0.738603081
2017-06-11,0.700712899
2017-06-12,0.687491928
2017-06-13,0.679738066
2017-06-14,0.683477766
2017-06-15,0.67316815
2017-06-16,0.669790788
2017-06-17,0.692632198
2017-06-18,0.691195318
2017-06-19,0.685548953
2017-06-20,0.684901619
2017-06-21,0.687350426
2017-06-22,0.679425211
2017-06-23,0.678813253
2017-06-24,0.697100216
2017-06-25,0.658946321
2017-06-26,0.655844263
2017-06-27,0.665119409
2017-06-28,0.634531685
2017-06-29,0.653701485
2017-06-30,0.693704431
2017-07-01,0.739343537
2017-07-02,0.815587345
2017-07-03,0.74816531
2017-07-04,0.71047758
2017-07-05,0.706473873
2017-07-06,0.71684731
2017-07-07,0.714659826
2017-07-08,0.680931247
2017-07-09,0.661566736
2017-07-10,0.662886422
2017-07-11,0.686419606
2017-07-12,0.721621944
2017-07-13,0.6762252
2017-07-14,0.66306771
2017-07-15,0.640812527
2017-07-16,0.633288085
2017-07-17,0.626167432
2017-07-18,0.60566122
2017-07-19,0.593831298
2017-07-20,0.570563195
2017-07-21,0.606847359
2017-07-22,0.545398798
2017-07-23,0.565823494
2017-07-24,0.556540635
2017-07-25,0.543527092
2017-07-26,0.52778796
2017-07-27,0.516958629
2017-07-28,0.504182943
2017-07-29,0.490730938
2017-07-30,0.477786479
2017-07-31,0.471253627
2017-08-01,0.449866095
2017-08-02,0.433797524
2017-08-03,0.424757762
2017-08-04,0.418924062
2017-08-05,0.419886133
2017-08-06,0.432006516
2017-08-07,0.441889862
2017-08-08,0.41313889
2017-08-09,0.41770508
2017-08-10,0.448022465
2017-08-11,0.437663785
2017-08-12,0.405991009
2017-08-13,0.373493632
2017-08-14,0.408392969
2017-08-15,0.437212702
2017-08-16,0.392965532
2017-08-17,0.397440203
2017-08-18,0.38742818
2017-08-19,0.368945805
2017-08-20,0.374182147
2017-08-21,0.376268682
2017-08-22,0.398403498
2017-08-23,0.410815658
2017-08-24,0.438997567
2017-08-25,0.445109032
2017-08-26,0.459316384
2017-08-27,0.501854188
2017-08-28,0.620036536
2017-08-29,0.786185922
2017-08-30,0.703230583
2017-08-31,0.640316882
2017-09-01,0.581185129
2017-09-02,0.611315604
2017-09-03,0.652464044
2017-09-04,0.801070027
2017-09-05,0.783326028
2017-09-06,0.776122257
2017-09-07,0.88899991
2017-09-08,0.725582885
2017-09-09,0.715637671
2017-09-10,0.667904606
2017-09-11,0.663425865
2017-09-12,0.67850393
2017-09-13,0.745118047
2017-09-14,0.636131453
2017-09-15,0.826830381
2017-09-16,0.833711239
2017-09-17,0.826112605
2017-09-18,0.752192354
2017-09-19,0.729158967
2017-09-20,0.670995878
2017-09-21,0.675122713
2017-09-22,0.654382171
2017-09-23,0.625774226
2017-09-24,0.631520414
2017-09-25,0.600748663
2017-09-26,0.573413989
2017-09-27,0.571231054
2017-09-28,0.50119275
2017-09-29,0.44968256
2017-09-30,0.403431891
2017-10-01,0.392693686
2017-10-02,0.374098115
2017-10-03,0.369209039
2017-10-04,0.386135517
2017-10-05,0.387780963
2017-10-06,0.429342166
2017-10-07,0.416706569
2017-10-08,0.414226642
2017-10-09,0.457170448
2017-10-10,0.451192877
2017-10-11,0.48312433
2017-10-12,0.558273942
2017-10-13,0.680468305
2017-10-14,0.720583685
2017-10-15,0.834350797
2017-10-16,0.969104936
2017-10-17,0.80293167
2017-10-18,0.814232821
2017-10-19,0.73323451
2017-10-20,0.665630521
2017-10-21,0.6587116
2017-10-22,0.595325893
2017-10-23,0.53831945
2017-10-24,0.480867811
2017-10-25,0.469791023
2017-10-26,0.426926459
2017-10-27,0.42941105
2017-10-28,0.474539135
2017-10-29,0.485866075
2017-10-30,0.432381756
2017-10-31,0.442956017
2017-11-01,0.43812702
2017-11-02,0.407641042
2017-11-03,0.423336637
2017-11-04,0.417456027
2017-11-05,0.428150245
2017-11-06,0.4140205
2017-11-07,0.431242496
2017-11-08,0.376487704
2017-11-09,0.413871835
2017-11-10,0.36155138
2017-11-11,0.413551197
2017-11-12,0.730661847
2017-11-13,0.843963529
2017-11-14,0.88193235
2017-11-15,0.741946847
2017-11-16,0.763832986
2017-11-17,0.739738296
2017-11-18,0.624133078
2017-11-19,0.591826939
2017-11-20,0.534590768
2017-11-21,0.502985765
2017-11-22,0.472356692
2017-11-23,0.431994308
2017-11-24,0.45161739
2017-11-25,0.419088667
2017-11-26,0.398118055
2017-11-27,0.381526398
2017-11-28,0.54383495
2017-11-29,0.806739412
2017-11-30,0.715965628
2017-12-01,0.62019293
2017-12-02,0.567234793
2017-12-03,0.526455014
2017-12-04,0.549949506
2017-12-05,0.550275965
2017-12-06,0.540305718
2017-12-07,0.4594381
2017-12-08,0.44187655
2017-12-09,0.546420483
2017-12-10,0.464251118
2017-12-11,0.397867201
2017-12-12,0.387588781
2017-12-13,0.368344591
2017-12-14,0.488838746
2017-12-15,0.421752149
2017-12-16,0.539480101
2017-12-17,0.861407343
2017-12-18,0.95976268
2017-12-19,0.889594824
2017-12-22,0.834635947
2017-12-23,0.722386036
2017-12-24,0.702976333
2017-12-25,0.696405905
2017-12-26,0.688599768
2017-12-27,0.832873065
2017-12-28,0.947895933
2017-12-29,0.916972833
2017-12-31,0.818635144
2018-01-01,0.871652477
2018-01-02,0.802287617
2018-01-03,0.718306156
2018-01-04,0.732964168
2018-01-05,0.767365176
2018-01-06,0.724816951
2018-01-07,0.743485849
2018-01-08,0.762068612
2018-01-09,0.908747259
2018-01-10,0.947646611
2018-01-11,0.937535404
2018-01-14,0.735911624
2018-01-15,0.863771391
2018-01-16,0.88931752
2018-01-21,0.859815505
2018-01-23,0.772981178
2018-01-25,0.758667441
2018-01-26,0.753870193
2018-01-27,0.729633488
2018-01-28,0.768049699
2018-01-29,0.80103627
2018-01-30,0.692569296
2018-01-31,0.776476279
2018-02-01,0.791915138
2018-02-02,0.934103682
2018-02-03,0.85865296
2018-02-04,0.775627939
2018-02-05,0.830357209
2018-02-06,0.822539765
2018-02-07,0.706303379
2018-02-08,0.804077905
2018-02-09,0.836299259
2018-02-10,0.751525479
2018-02-11,0.824003006
2018-02-12,0.788251205
2018-02-13,0.864083668
2018-02-17,0.730172232
2018-02-18,0.7576507
2018-02-19,0.742024975
2018-02-20,0.8125082
2018-02-21,0.743248045
2018-02-22,0.799056479
2018-02-24,0.83565118
2018-02-25,0.880442224
2018-02-26,0.880952445
2018-02-28,0.756340801
2018-03-01,0.919791638
2018-03-02,0.827364608
2018-03-03,0.93623057
2018-03-04,0.853982928
2018-03-10,0.914612409
2018-03-13,0.831628638
2018-03-14,0.813503397
2018-03-15,0.736885496
2018-03-16,0.856318994
2018-03-17,0.83233789
2018-03-18,0.839614484
2018-03-20,0.866274911
2018-03-21,0.914871841
2018-03-22,0.769330916
2018-03-24,0.803778922
2018-03-25,0.795249755
2018-03-26,0.76867378
2018-03-27,0.763524671
2018-03-28,0.712784805
2018-03-29,0.69406837
2018-03-30,0.716756246
2018-03-31,0.692784187
2018-04-01,0.690832088
2018-04-02,0.712303114
2018-04-03,0.732508451
2018-04-04,0.744350085
2018-04-05,0.73384628
2018-04-06,0.740397594
2018-04-07,0.724818694
2018-04-08,0.852655976
2018-04-09,0.86132385
2018-04-10,0.904928417
2018-04-11,0.854287072
2018-04-12,0.775814082
2018-04-13,0.7803517
2018-04-14,0.857952861
2018-04-15,0.755373774
2018-09-20,0.582411949
2018-09-21,0.533049279
2018-09-22,0.531237166
2018-09-23,0.59046385
2018-09-24,0.543660857
2018-09-25,0.536502655
2018-09-26,0.53732476
2018-09-27,0.543134009
2018-09-28,0.518863399
2018-09-29,0.485665346
2018-09-30,0.47520068
2018-10-01,0.469640392
2018-10-02,0.5171184
2018-10-03,0.500448555
2018-10-04,0.54635945
2018-10-05,0.694606132
2018-10-06,0.702980159
2018-10-07,0.672427959
2018-10-08,0.577031614
2018-10-09,0.536572835
2018-10-10,0.499468459
2018-10-11,0.526144083
2018-10-12,0.463332993
2018-10-13,0.548864307
2018-10-14,0.630157231
2018-10-16,0.824416513
2018-10-17,0.658490981
2018-10-18,0.598394338
2018-10-19,0.645441217
2018-10-20,0.612830593
2018-10-21,0.611072952
2018-10-22,0.613260427
2018-10-23,0.688730987
2018-10-24,0.577315698
2018-10-25,0.581777568
2018-10-26,0.509602204
2018-10-27,0.520530828
2018-10-28,0.464311198
2018-10-29,0.459852197
2018-10-30,0.438223032
2018-10-31,0.415006019
2018-11-01,0.48726689
2018-11-02,0.633787684
2018-11-03,0.439859601
2018-11-04,0.378756388
2018-11-05,0.38418564
2018-11-06,0.402824311
2018-11-07,0.34765331
2018-11-08,0.370433113
2018-11-09,0.328546521
2018-11-10,0.332562321
2018-11-11,0.398798433
2018-11-12,0.572341736
2018-11-13,0.407391377
2018-11-14,0.361442947
2018-11-15,0.324725983
2018-11-16,0.333790129
2018-11-17,0.346220316
2018-11-18,0.316385533
2018-11-19,0.309381138
2018-11-20,0.336113403
2018-11-21,0.305022668
2018-11-22,0.327506913
2018-11-23,0.332338665
2018-11-24,0.312026655
2018-11-25,0.29477494
2018-11-26,0.340996835
2018-11-27,0.379126996
2018-11-28,0.323347323
2018-11-29,0.339855997
2018-11-30,0.346156034
2018-12-01,0.317611116
2018-12-02,0.323973403
2018-12-03,0.315916412
2018-12-04,0.299049119
2018-12-05,0.319628914
2018-12-06,0.312835559
2018-12-07,0.368403795
2018-12-08,0.402246298
2018-12-09,0.496972741
2018-12-10,0.408609491
2018-12-11,0.346835664
2018-12-12,0.320011193
2018-12-13,0.389753172
2018-12-14,0.333878222
2018-12-15,0.425457509
2018-12-16,0.66920926
2018-12-17,0.726123011
2018-12-18,0.734073159
2018-12-19,0.650250879
2018-12-20,0.653090919
2018-12-21,0.601129387
2018-12-22,0.537788363
2018-12-23,0.546441371
2018-12-24,0.524451076
2018-12-25,0.494983087
2018-12-26,0.453602623
2018-12-27,0.57402985
2018-12-28,0.758822936
2018-12-29,0.780260013
2018-12-30,0.684918526
2018-12-31,0.799846818
2019-01-01,0.776755492
2019-01-02,0.715227889
2019-01-03,0.735228883
2019-01-04,0.68406958
2019-01-05,0.671071282
2019-01-06,0.656021367
2019-01-07,0.575386391
2019-01-08,0.565922796
2019-01-09,0.572201941
2019-01-10,0.564129503
2019-01-11,0.497962483
2019-01-12,0.491890338
2019-01-13,0.702486358
2019-01-14,0.756090277
2019-01-15,0.940324192
2019-01-16,0.797766353
2019-01-17,0.824310129
2019-01-18,0.955737744
2019-01-20,0.821389142
2019-01-21,0.895824361
2019-01-22,0.822423201
2019-01-23,0.833127502
2019-01-25,0.704644465
2019-01-26,0.757738095
2019-01-27,0.968785387
2019-01-28,0.878255026
2019-01-29,0.968707086
2019-01-30,0.822429592
2019-01-31,0.925976895
2019-02-01,0.738994005
2019-02-02,0.72896022
2019-02-03,0.918389674
2019-02-05,0.954362405
2019-02-09,0.902798294
2019-02-10,0.762793761
2019-02-13,0.829588631
2019-02-14,0.878822922
2019-02-15,0.869110098
2019-02-16,0.959773412
2019-02-17,0.934039673
2019-02-20,0.874095508
2019-02-21,0.819180252
2019-02-22,0.890938098
2019-02-23,0.835553934
2019-02-24,0.690943545
2019-02-25,0.667099019
2019-02-26,0.680510403
2019-02-27,0.748070991
2019-02-28,0.829018292
2019-03-01,0.746114159
2019-03-04,0.811563518
2019-03-05,0.743554606
2019-03-06,0.808315833
2019-03-07,0.773164701
2019-03-08,0.785180164
2019-03-11,0.824380039
2019-03-12,0.800685985
2019-03-13,0.789339876
2019-03-14,0.896849418
2019-03-15,0.843247243
2019-03-16,0.732384082
2019-03-17,0.835164538
2019-03-18,0.840454408
2019-03-19,0.79113111
2019-03-20,0.838920312
2019-03-21,0.857487034
2019-03-22,0.756293035
2019-03-23,0.847956707
2019-03-24,0.910127004
2019-03-26,0.800477882
2019-03-27,0.76782256
2019-03-29,0.923562109
2019-03-31,0.808446395
2019-04-01,0.832667358
2019-04-02,0.827771136
2019-04-03,0.712316364
2019-04-04,0.710496856
2019-04-05,0.682270226
2019-04-06,0.73481905
2019-04-07,0.753346387
2019-04-08,0.872938077
2019-04-09,0.765073818
2019-04-10,0.729254396
2019-04-11,0.758509804
2019-04-12,0.756623658
2019-04-13,0.727386601
2019-04-14,0.750169301
2019-04-15,0.802071983
2019-04-16,0.809554371
2019-04-17,0.922074618
2019-04-18,0.878938907
2019-04-19,0.921348454
2019-04-21,0.772823662
2019-04-23,0.790750853
2019-04-24,0.799019028
2019-04-25,0.745850997
2019-04-26,0.827285409
2019-04-27,0.724605902
2019-04-28,0.716483993
2019-04-29,0.830904711
2019-04-30,0.841487748
2019-05-01,0.723680474
2019-05-02,0.696134964
2019-05-03,0.69249871
2019-05-04,0.761698937
2019-05-05,0.799918477
2019-05-06,0.895443306
2019-05-07,0.836158504
2019-05-08,0.793126267
2019-05-09,0.894368286
2019-05-10,0.739124186
2019-05-11,0.729127297
2019-05-12,0.888879723
2019-05-13,0.880465749
2019-05-14,0.754412721
2019-05-15,0.716123615
2019-05-16,0.711848656
2019-05-17,0.709749688
2019-05-18,0.708128701
2019-05-19,0.734413074
2019-05-20,0.742855656
2019-05-21,0.741572892
2019-05-22,0.761771941
2019-05-23,0.714817154
2019-05-24,0.713165504
2019-05-25,0.705761951
2019-05-26,0.705897149
2019-05-27,0.694639228
2019-05-28,0.686365
2019-05-29,0.682966083
2019-05-30,0.680768502
2019-05-31,0.661584208
2019-06-01,0.721761333
2019-06-02,0.649723002
2019-06-03,0.635655162
2019-06-04,0.669644958
2019-06-05,0.661327433
2019-06-06,0.654197981
2019-06-07,0.653380005
2019-06-08,0.656150547
2019-06-09,0.647496611
2019-06-10,0.649445614
2019-06-11,0.63244764
2019-06-12,0.63172209
2019-06-13,0.640979052
2019-06-14,0.653257021
2019-06-15,0.699260689
2019-06-16,0.666521615
2019-06-17,0.690469849
2019-06-18,0.653828211
2019-06-19,0.636476656
2019-06-20,0.637208233
2019-06-21,0.627810698
2019-06-22,0.622704023
2019-06-23,0.610488909
2019-06-24,0.608696464
2019-06-25,0.616971011
2019-06-26,0.60397026
2019-06-27,0.63797512
2019-06-28,0.686941498
2019-06-29,0.618341262
2019-06-30,0.62729399
2019-07-01,0.676740646
2019-07-02,0.626871026
2019-07-03,0.601990501
2019-07-04,0.59607397
2019-07-05,0.595798174
2019-07-06,0.594705268
2019-07-07,0.605432923
2019-07-08,0.598337075
2019-07-09,0.596276019
2019-07-10,0.585434259
2019-07-11,0.58053113
2019-07-12,0.575582956
2019-07-13,0.572442597
2019-07-14,0.570279055
2019-07-15,0.562445283
2019-07-16,0.560585971
2019-07-17,0.698432783
2019-07-18,0.766588685
2019-07-19,0.769961882
2019-07-20,0.732578335
2019-07-21,0.764185351
2019-07-22,0.707728171
2019-07-23,0.772105979
2019-07-24,0.69832481
2019-07-25,0.676496076
2019-07-26,0.640738983
2019-07-27,0.621452686
2019-07-28,0.711048045
2019-07-29,0.576588309
2019-07-30,0.574201381
2019-07-31,0.557058455
2019-08-01,0.545488366
2019-08-02,0.529086006
2019-08-03,0.51682989
2019-08-04,0.5545431
2019-08-05,0.546206804
2019-08-06,0.537341315
2019-08-07,0.531026726
2019-08-08,0.525205673
2019-08-09,0.526225637
2019-08-10,0.516225925
2019-08-11,0.517890476
2019-08-12,0.503042348
2019-08-13,0.505759959
2019-08-14,0.501098063
2019-08-15,0.497531359
2019-08-16,0.481423472
2019-08-17,0.46743527
2019-08-18,0.464480412
2019-08-19,0.461488007
2019-08-20,0.448250324
2019-08-21,0.468860382
2019-08-22,0.445920329
2019-08-23,0.521945602
2019-08-24,0.518826201
2019-08-25,0.45322734
2019-08-26,0.433842038
2019-08-27,0.440047063
2019-08-28,0.454097069
2019-08-29,0.419683131
2019-08-30,0.409687542
2019-08-31,0.409029151
2019-09-01,0.413041727
2019-09-02,0.46284152
2019-09-03,0.538958899
2019-09-04,0.753685294
2019-09-05,0.802405027
2019-09-06,0.707281228
2019-09-07,0.637858767
2019-09-08,0.617977852
2019-09-09,0.637580572
2019-09-10,0.566759472
2019-09-11,0.574666683
2019-09-12,0.603782529
2019-09-13,0.63498119
2019-09-14,0.598701046
2019-09-15,0.595017013
2019-09-16,0.591135879
2019-09-17,0.531679503
2019-09-18,0.510617109
2019-09-19,0.430598709
2019-09-20,0.436197343
2019-09-21,0.625953577
2019-09-22,0.67880215
2019-09-23,0.646405444
2019-09-24,0.519114479
2019-09-25,0.458973347
2019-09-26,0.430203837
2019-09-27,0.395524005
2019-09-28,0.420114402
2019-09-29,0.401495302
2019-09-30,0.486675489
2019-10-01,0.740714352
2019-10-02,0.725798132
2019-10-03,0.711717618
2019-10-04,0.63097546
2019-10-05,0.540143254
2019-10-06,0.460541251
2019-10-07,0.346803736
2019-10-08,0.33528807
2019-10-09,0.332672398
2019-10-10,0.373078555
2019-10-11,0.378661494
2019-10-12,0.413568146
2019-10-13,0.480576861
2019-10-14,0.398402784
2019-10-15,0.4685969
2019-10-16,0.491868137
2019-10-17,0.428426715
2019-10-18,0.717305977
2019-10-19,0.871246779
2019-10-20,0.715596852
2019-10-21,0.622398341
2019-10-22,0.585934898
2019-10-23,0.512578014
2019-10-24,0.480251372
2019-10-25,0.462132899
2019-10-26,0.436174972
2019-10-27,0.416718905
2019-10-28,0.391055445
2019-10-29,0.394598238
2019-10-30,0.432343588
2019-10-31,0.397253878
2019-11-01,0.412230722
2019-11-02,0.415423604
2019-11-03,0.49454574
2019-11-04,0.606150301
2019-11-05,0.749596791
2019-11-06,0.74305931
2019-11-07,0.625350699
2019-11-08,0.647016689
2019-11-09,0.73263249
2019-11-10,0.880979793
2019-11-11,0.866120959
2019-11-12,0.838235615
2019-11-13,0.722394521
2019-11-14,0.657230885
2019-11-15,0.675581948
2019-11-16,0.652044085
2019-11-17,0.740694371
2019-11-18,0.778811214
2019-11-19,0.854255132
2019-11-20,0.717524437
2019-11-21,0.666454672
2019-11-22,0.567102575
2019-11-23,0.539492395
2019-11-24,0.739741264
2019-11-25,0.824634656
2019-11-26,0.759713723
2019-11-27,0.702602292
2019-11-28,0.641105114
2019-11-29,0.574507683
2019-11-30,0.629643816
2019-12-01,0.718674451
2019-12-02,0.758212521
2019-12-03,0.681594749
2019-12-04,0.603777956
2019-12-05,0.639176019
2019-12-06,0.799315197
2019-12-07,0.742001343
2019-12-08,0.658362987
2019-12-09,0.651991363
2019-12-10,0.554854456
2019-12-11,0.482648541
2019-12-12,0.48016745
2019-12-13,0.468959402
2019-12-14,0.537319441
2019-12-15,0.459283696
2019-12-16,0.377936041
2019-12-17,0.393204621
2019-12-18,0.388009176
2019-12-19,0.520412547
2019-12-20,0.651518431
2019-12-21,0.530130345
2019-12-22,0.433733471
2019-12-23,0.362930393
2019-12-24,0.61252442
2019-12-25,0.907500803
2019-12-26,0.947051942
2019-12-27,0.772213539
2019-12-28,0.708440268
2019-12-29,0.671065728
2019-12-30,0.660186932
2019-12-31,0.676241824
2020-01-01,0.689806485
2020-01-02,0.938957674
2020-01-04,0.822429635
2020-01-05,0.815086512
2020-01-06,0.7211548
2020-01-07,0.638398979
2020-01-08,0.646100162
2020-01-09,0.698537796
2020-01-10,0.678565396
2020-01-11,0.776702275
2020-01-12,0.790113124
2020-01-15,0.93149516
2020-01-16,0.821477245
2020-01-17,0.760638639
2020-01-18,0.940321054
2020-01-19,0.865444624
2020-01-20,0.9461752
2020-01-21,0.884309671
2020-01-22,0.955804018
2020-01-24,0.880773213
2020-01-25,0.726513177
2020-01-26,0.742759316
2020-01-27,0.84567051
2020-01-28,0.721530231
2020-01-29,0.705482924
2020-01-30,0.867304608
2020-01-31,0.751438691
2020-02-01,0.965547638
2020-02-02,0.824343915
2020-02-03,0.900016132
2020-02-04,0.780566967
2020-02-05,0.686852344
2020-02-06,0.828043318
2020-02-07,0.685474443
2020-02-08,0.7881114
2020-02-09,0.842984101
2020-02-10,0.884755645
2020-02-17,0.836855545
2020-02-18,0.806964525
2020-02-19,0.820689803
2020-02-21,0.942565615
2020-02-23,0.874374531
2020-02-25,0.862971854
2020-02-26,0.932315694
2020-02-27,0.865922388
2020-02-29,0.91412517
2020-03-02,0.920142637
2020-03-03,0.693451514
2020-03-04,0.697199958
2020-03-05,0.717071938
2020-03-06,0.733480359
2020-03-07,0.846432913
2020-03-09,0.853077658
2020-03-10,0.726389656
2020-03-11,0.822214944
2020-03-12,0.919833619
2020-03-13,0.863930654
2020-03-14,0.854614881
2020-03-21,0.852269201
2020-03-22,0.814574512
2020-03-24,0.780318659
2020-03-25,0.76825578
2020-03-26,0.762533912
2020-03-27,0.777925151
2020-03-28,0.746069603
2020-03-30,0.961456281
2020-03-31,0.953742
2020-04-01,0.896905467
2020-04-04,0.834106325
2020-04-06,0.860454316
2020-04-07,0.814572038
2020-04-08,0.798002771
2020-04-09,0.750391987
2020-04-10,0.768946187
2020-04-11,0.729604251
2020-04-12,0.716998785
2020-04-13,0.724595702
2020-04-14,0.733028138
2020-04-15,0.714301547
2020-04-16,0.721873458
2020-04-17,0.739203128
2020-04-18,0.880260435
2020-04-19,0.810622764
2020-04-20,0.8264005
2020-04-21,0.798185007
2020-04-22,0.740740029
2020-04-23,0.801786254
2020-06-30,0.681524242
2020-07-01,0.647159679
2020-07-02,0.639968597
2020-07-03,0.634105359
2020-07-04,0.631079111
2020-07-05,0.674734083
2020-07-06,0.676175576
2020-07-07,0.671387471
2020-07-08,0.648794206
2020-07-09,0.643483685
2020-07-10,0.683252349
2020-07-11,0.63915906
2020-07-12,0.637826698
2020-07-13,0.640535928
2020-07-14,0.629659451
2020-07-15,0.632855941
2020-07-16,0.625936921
2020-07-17,0.62914321
2020-07-18,0.610831098
2020-07-19,0.614824994
2020-07-20,0.617834295
2020-07-21,0.591225869
2020-07-22,0.590431033
2020-07-23,0.600907772
2020-07-24,0.591438453
2020-07-25,0.58041717
2020-07-26,0.572876004
2020-07-27,0.566290574
2020-07-28,0.560794162
2020-07-29,0.566514732
2020-07-30,0.561224223
2020-07-31,0.564417637
2020-08-01,0.554548425
2020-08-02,0.552899609
2020-08-03,0.551161729
2020-08-04,0.548985407
2020-08-05,0.546631411
2020-08-06,0.547226355
2020-08-07,0.551901418
2020-08-08,0.539134265
2020-08-09,0.54027152
2020-08-10,0.557959926
2020-08-11,0.556843728
2020-08-12,0.534498319
2020-08-13,0.528760211
2020-08-14,0.540353118
2020-08-15,0.624998477
2020-08-16,0.599512184
2020-08-17,0.62869277
2020-08-18,0.539249044
2020-08-19,0.569002725
2020-08-20,0.560346584
2020-08-21,0.576899014
2020-08-22,0.501213042
2020-08-23,0.508000718
2020-08-24,0.47489598
2020-08-25,0.516590597
2020-08-26,0.486903895
2020-08-27,0.474935858
2020-08-28,0.496527044
2020-08-29,0.524140178
2020-08-30,0.496530066
2020-08-31,0.490168736
2020-09-01,0.587807763
2020-09-02,0.45749808
2020-09-03,0.445895657
2020-09-04,0.499478522
2020-09-05,0.465364101
2020-09-06,0.489007164
2020-09-07,0.490291782
2020-09-08,0.476297727
2020-09-09,0.464524945
2020-09-10,0.52018019
2020-09-11,0.554590766
2020-09-12,0.505225557
2020-09-13,0.54155771
2020-09-14,0.651563414
2020-09-15,0.612759345
2020-09-16,0.497935771
2020-09-17,0.475599047
2020-09-18,0.557319693
2020-09-19,0.440724453
2020-09-20,0.428395587
2020-09-21,0.412519877
2020-09-22,0.385652329
2020-09-23,0.389822221
2020-09-24,0.382054469
2020-09-25,0.383129593
2020-09-26,0.362407929
2020-09-27,0.355729792
2020-09-28,0.453930403
2020-09-29,0.410362489
2020-09-30,0.607216086
2020-10-01,0.540493201
2020-10-02,0.623765737
2020-10-03,0.566120624
2020-10-04,0.54508415
2020-10-05,0.585981078
2020-10-06,0.571466221
2020-10-07,0.571170676
2020-10-08,0.668378212
2020-10-09,0.669977642
2020-10-11,0.664023679
2020-10-12,0.683674867
2020-10-13,0.811684398
2020-10-14,0.7803907
2020-10-16,0.789349664
2020-10-17,0.720103008
2020-10-18,0.687010835
2020-10-19,0.700915515
2020-10-20,0.70834424
2020-10-21,0.809023223
2020-10-22,0.864875679
2020-10-24,0.721254531
2020-10-25,0.677406951
2020-10-26,0.635774216
2020-10-27,0.607311999
2020-10-28,0.592936308
2020-10-29,0.610041778
2020-10-30,0.625861611
2020-10-31,0.619198394
2020-11-01,0.553513638
2020-11-02,0.560184974
2020-11-03,0.540709517
2020-11-04,0.71713978
2020-11-05,0.723513214
2020-11-06,0.727697096
2020-11-07,0.801805427
2020-11-08,0.869725747
2020-11-09,0.770335054
2020-11-10,0.681824121
2020-11-11,0.602012633
2020-11-12,0.547525046
2020-11-13,0.485957136
2020-11-14,0.44572934
2020-11-15,0.417241157
2020-11-16,0.451595301
2020-11-17,0.383697922
2020-11-18,0.364633521
2020-11-19,0.396584005
2020-11-20,0.393100761
2020-11-21,0.384591433
2020-11-22,0.485908683
2020-11-23,0.456912341
2020-11-24,0.433012094
2020-11-25,0.377040975
2020-11-26,0.373922678
2020-11-27,0.344517205
2020-11-28,0.468589208
2020-11-29,0.62229855
2020-11-30,0.608226135
2020-12-01,0.495709549
2020-12-02,0.393663653
2020-12-03,0.366907483
2020-12-04,0.651586717
2020-12-05,0.746718385
2020-12-06,0.661408145
2020-12-07,0.606314101
2020-12-08,0.512568698
2020-12-09,0.389627101
2020-12-10,0.369553175
2020-12-11,0.377894912
2020-12-12,0.383067557
2020-12-13,0.365859857
2020-12-14,0.363890095
2020-12-15,0.345654069
2020-12-16,0.344585305
2020-12-17,0.557527614
2020-12-18,0.589580038
2020-12-19,0.434660922
2020-12-20,0.659731211
2020-12-21,0.788138542
2020-12-22,0.851752886
2020-12-23,0.881354988
2020-12-24,0.910370891
2020-12-26,0.793326788
2020-12-27,0.89299148
2020-12-28,0.924743389
2020-12-29,0.946091074
2020-12-30,0.911079489
2020-12-31,0.95840884
2021-01-02,0.910944739
2021-01-04,0.704087948
2021-01-05,0.674831688
2021-01-06,0.779163071
2021-01-07,0.880637366
2021-01-08,0.865911461
2021-01-10,0.865044168
2021-01-11,0.874091955
2021-01-13,0.834589363
2021-01-14,0.797929519
2021-01-15,0.814894485
2021-01-16,0.943652896
2021-01-17,0.737963926
2021-01-18,0.786544439
2021-01-19,0.727446458
2021-01-20,0.893594376
2021-01-21,0.834495369
2021-01-22,0.804116292
2021-01-23,0.784393895
2021-01-26,0.748389447
2021-01-27,0.714984429
2021-01-28,0.654790858
2021-01-29,0.704019813
2021-01-30,0.702294991
2021-02-01,0.834249193
2021-02-02,0.933287591
2021-02-04,0.743455427
2021-02-05,0.933687887
2021-02-08,0.854652888
2021-02-09,0.737476281
2021-02-10,0.70595502
2021-02-11,0.698280089
2021-02-13,0.748756045
2021-02-14,0.717625499
2021-02-15,0.660616275
2021-02-16,0.670738501
2021-02-17,0.705098736
2021-02-18,0.701727097
2021-02-19,0.692316643
2021-02-20,0.762580413
2021-02-21,0.832946558
2021-02-22,0.86367091
2021-02-23,0.852409692
2021-02-25,0.772353126
2021-02-26,0.761248149
2021-02-27,0.754657338
2021-02-28,0.762176858
2021-03-01,0.792786594
2021-03-03,0.857969138
2021-03-04,0.810270255
2021-03-05,0.84836722
2021-03-06,0.788908769
2021-03-07,0.870965962
2021-03-08,0.781596356
2021-03-09,0.722417936
2021-03-10,0.686915954
2021-03-11,0.694079338
2021-03-12,0.811164795
2021-03-13,0.829938086
2021-03-14,0.855241565
2021-03-15,0.953274209
2021-03-16,0.756934919
2021-03-17,0.882318175
2021-03-19,0.866184206
2021-03-20,0.771573719
2021-03-21,0.931839016
2021-03-23,0.927030449
2021-03-25,0.779212835
2021-03-27,0.947070665
2021-03-29,0.772390044
2021-04-01,0.775911393
2021-04-02,0.775082196
2021-04-05,0.920820096
2021-04-06,0.792147118
2021-04-08,0.876876838
2021-04-11,0.942286963
2021-04-12,0.914346432
2021-04-14,0.825341967
2021-04-15,0.763093156
2021-04-16,0.742713397
2021-04-17,0.750556234
2021-04-18,0.739425072
2021-04-19,0.738619256
2021-04-20,0.737228903
2021-04-21,0.752860886
2021-04-22,0.801729173
2021-04-23,0.776517715
2021-04-24,0.754936855
2021-04-25,0.743083487
2021-04-26,0.739169998
2021-04-27,0.769581392
2021-04-28,0.797870632
2021-04-29,0.734181287
2021-04-30,0.725366165
2021-05-01,0.725515026
2021-05-02,0.756245107
2021-05-03,0.770512148
2021-05-04,0.786939213
2021-05-05,0.855380985
2021-05-07,0.80947242
2021-05-08,0.860536
2021-05-09,0.825178103
2021-05-10,0.832739355
2021-05-11,0.788080568
2021-05-12,0.845584618
2021-05-13,0.863179728
2021-05-14,0.867124974
2021-05-15,0.778649295
2021-05-16,0.783800923
2021-05-17,0.778822486
2021-05-18,0.778912433
2021-05-19,0.780272589
2021-05-20,0.765321283
2021-05-21,0.781896989
2021-05-22,0.745741468
2021-05-23,0.776578195
2021-05-24,0.865138208
2021-05-25,0.956855655
2021-05-26,0.889655185
2021-05-27,0.90369555
2021-05-28,0.801382813
2021-05-29,0.816303803
2021-05-30,0.821527295
2021-05-31,0.864206346
2021-06-01,0.784186814
2021-06-02,0.753684341
2021-06-03,0.764124723
2021-06-04,0.789128765
2021-06-05,0.79700733
2021-06-06,0.798641212
2021-06-07,0.788341575
2021-06-08,0.824132628
2021-06-09,0.804070659
2021-06-10,0.775558744
2021-06-11,0.767993751
2021-06-12,0.765249382
2021-06-13,0.750444583
2021-06-14,0.72855298
2021-06-15,0.727689086
2021-06-16,0.738018658
2021-06-17,0.792436488
2021-06-18,0.725577218
2021-06-19,0.752919578
2021-06-20,0.766707458
2021-06-21,0.710415224
2021-06-22,0.747311045
2021-06-23,0.727309262
2021-06-24,0.685679663
2021-06-25,0.717912704
2021-06-26,0.710412532
2021-06-27,0.738370995
2021-06-28,0.758562716
2021-06-29,0.70502498
2021-06-30,0.693739238
2021-07-01,0.675978355
2021-07-02,0.670798697
2021-07-03,0.668820873
2021-07-04,0.665114091
2021-07-05,0.657921226
2021-07-06,0.650212752
2021-07-07,0.645136004
2021-07-08,0.645822816
2021-07-09,0.651645877
2021-07-10,0.667831549
2021-07-11,0.674019009
2021-07-12,0.703811935
2021-07-13,0.686175808
2021-07-14,0.692367954
2021-07-15,0.648506233
2021-07-16,0.63528603
2021-07-17,0.621916361
2021-07-18,0.634690425
2021-07-19,0.704325759
2021-07-20,0.614434757
2021-07-21,0.615779584
2021-07-22,0.656823909
2021-07-23,0.655882905
2021-07-24,0.635267312
2021-07-25,0.669028052
2021-07-26,0.615496509
2021-07-27,0.60765522
2021-07-28,0.698376815
2021-07-29,0.638008578
2021-07-30,0.671801031
2021-07-31,0.582961013
2021-08-01,0.62436998
2021-08-02,0.623452123
2021-08-03,0.604335869
2021-08-04,0.685907514
2021-08-05,0.691856136
2021-08-06,0.663527238
2021-08-07,0.614016772
2021-08-08,0.602023251
2021-08-09,0.586201391
2021-08-10,0.571979981
2021-08-11,0.598846082
2021-08-12,0.552900004
2021-08-13,0.571481572
2021-08-14,0.570015005
2021-08-15,0.561735889
2021-08-16,0.550012051
2021-08-17,0.542121636
2021-08-18,0.541471689
2021-08-19,0.537887855
2021-08-20,0.521763576
2021-08-21,0.520025184
2021-08-22,0.520674019
2021-08-23,0.525927226
2021-08-24,0.538105688
2021-08-25,0.515987565
2021-08-26,0.522104849
2021-08-27,0.561361288
2021-08-28,0.492572447
2021-08-29,0.499688987
2021-08-30,0.480902884
2021-08-31,0.512623661
2021-09-01,0.464470885
2021-09-02,0.464085741
2021-09-03,0.482996037
2021-09-04,0.443825802
2021-09-05,0.488411574
2021-09-06,0.479773455
2021-09-07,0.675265666
2021-09-08,0.482392091
2021-09-09,0.486305398
2021-09-10,0.433562598
2021-09-11,0.444633705
2021-09-12,0.427339472
2021-09-13,0.435971147
2021-09-14,0.383871769
2021-09-15,0.471785756
2021-09-16,0.522987204
2021-09-17,0.527313567
2021-09-18,0.527698786
2021-09-19,0.560205195
2021-09-20,0.651801173
2021-09-21,0.710394492
2021-09-22,0.830426658
2021-09-23,0.819946969
2021-09-24,0.751609253
2021-09-25,0.752986489
2021-09-26,0.67120353
2021-09-27,0.624756529
2021-09-28,0.609755908
2021-09-29,0.570791024
2021-09-30,0.571457918
2021-10-01,0.586863317
2021-10-02,0.482867348
2021-10-03,0.445861675
2021-10-04,0.515901231
2021-10-05,0.648710334
2021-10-06,0.709343836
2021-10-07,0.735224805
2021-10-08,0.741272781
2021-10-09,0.775526129
2021-10-10,0.677238005
2021-10-11,0.615661324
2021-10-12,0.607029321
2021-10-13,0.576915886
2021-10-14,0.458711786
2021-10-15,0.372765308
2021-10-16,0.396437841
2021-10-17,0.379869703
2021-10-18,0.34203869
2021-10-19,0.423372589
2021-10-20,0.406496688
2021-10-21,0.354598706
2021-10-22,0.390118004
2021-10-23,0.354342088
2021-10-24,0.337030747
2021-10-25,0.341245346
2021-10-26,0.330251846
2021-10-27,0.375903395
2021-10-28,0.388663253
2021-10-29,0.474007272
2021-10-30,0.417710859
2021-10-31,0.411835186
2021-11-01,0.38472923
2021-11-02,0.328864021
2021-11-03,0.369878352
2021-11-04,0.357928609
2021-11-05,0.37678721
2021-11-06,0.361959284
2021-11-07,0.371407577
2021-11-08,0.364827445
2021-11-09,0.352613414
2021-11-10,0.352803915
2021-11-11,0.363834323
2021-11-12,0.388536801
2021-11-13,0.364962188
2021-11-14,0.308996107
2021-11-15,0.330267566
2021-11-16,0.359369854
2021-11-17,0.363035457
2021-11-18,0.357790255
2021-11-19,0.348281897
2021-11-20,0.411291453
2021-11-21,0.533162684
2021-11-22,0.611046341
2021-11-23,0.529291307
2021-11-24,0.842080779
2021-11-25,0.858977516
2021-11-26,0.774211021
2021-11-27,0.68334318
2021-11-28,0.645366003
2021-11-29,0.624563344
2021-11-30,0.586581473
2021-12-01,0.547567793
2021-12-02,0.591211247
2021-12-03,0.683574656
2021-12-04,0.890331173
2021-12-05,0.885904567
2021-12-06,0.956664338
2021-12-07,0.886318996
2021-12-08,0.793152424
2021-12-09,0.870850589
2021-12-10,0.779671177
2021-12-11,0.715006678
2021-12-12,0.694482663
2021-12-13,0.661324715
2021-12-14,0.706660877
2021-12-15,0.720355499
2021-12-16,0.8135677
2021-12-17,0.768070865
2021-12-18,0.74653685
2021-12-19,0.739161848
2021-12-20,0.747341236
2021-12-21,0.743742199
2021-12-22,0.826050165
2021-12-23,0.663093165
2021-12-24,0.831891341
2021-12-25,0.782151319
2021-12-26,0.899307234
2021-12-27,0.694429797
2021-12-28,0.702745508
2021-12-29,0.856928173
2021-12-31,0.753536283
2022-01-01,0.765870501
2022-01-02,0.672661362
2022-01-03,0.629303519
2022-01-04,0.626157309
2022-01-05,0.643760683
2022-01-06,0.929990757
2022-01-07,0.82458874
2022-01-09,0.9794965
2022-01-11,0.786951462
2022-01-12,0.943400203
2022-01-14,0.785736312
2022-01-17,0.838098973
2022-01-19,0.734631143
2022-01-20,0.864883069
2022-01-21,0.84298563
2022-01-22,0.736911477
2022-01-23,0.821330769
2022-01-24,0.809165281
2022-01-25,0.86974646
2022-01-26,0.847750506
2022-01-27,0.902242513
2022-01-28,0.802266824
2022-01-29,0.779164892
2022-01-30,0.884589099
2022-01-31,0.895616042
2022-02-01,0.748714203
2022-02-02,0.768754185
2022-02-03,0.772863201
2022-02-04,0.80303475
2022-02-05,0.716441131
2022-02-06,0.772868232
2022-02-07,0.74154844
2022-02-08,0.833975391
2022-02-09,0.688753222
2022-02-10,0.649076435
2022-02-11,0.648237251
2022-02-12,0.78766848
2022-02-13,0.912551577
2022-02-14,0.945779529
2022-02-15,0.858838599
2022-02-16,0.806918576
2022-02-17,0.919409528
2022-02-18,0.895062587
2022-02-19,0.770744232
2022-02-20,0.729652687
2022-02-21,0.732175637
2022-02-22,0.724942864
2022-02-23,0.956463322
2022-02-24,0.841267059
2022-02-25,0.940512923
2022-02-26,0.950332354
2022-02-27,0.84982296
2022-03-01,0.927256697
2022-03-04,0.831004017
2022-03-05,0.864619742
2022-03-06,0.795880701
2022-03-07,0.814530054
2022-03-08,0.74347247
2022-03-10,0.843256159
2022-03-12,0.852781818
2022-03-13,0.813946591
2022-03-14,0.861028403
2022-03-15,0.709280874
2022-03-16,0.695228749
2022-03-17,0.72022351
2022-03-18,0.712709894
2022-03-19,0.786183575
2022-03-20,0.891401298
2022-03-21,0.891291446
2022-03-23,0.814105205
2022-03-24,0.790761465
2022-03-25,0.818045526
2022-03-26,0.845735913
2022-03-27,0.772651516
2022-03-28,0.969885385
2022-03-30,0.786752978
2022-03-31,0.839510107
2022-04-01,0.918154989
2022-04-02,0.894508919
2022-04-03,0.841004353
2022-04-04,0.911426174
2022-04-05,0.802526751
2022-04-06,0.845790456
2022-04-07,0.918942391
2022-04-09,0.895226909
2022-04-10,0.842395898
2022-04-11,0.720219502
2022-04-12,0.704563227
2022-04-13,0.705331814
2022-04-14,0.705915066
2022-04-15,0.699604488
2022-04-16,0.70003197
2022-04-17,0.690360399
2022-04-18,0.688308552
2022-04-19,0.686986688
2022-04-20,0.718496374
2022-04-21,0.718614631
2022-04-22,0.688150797
2022-04-23,0.699844053
2022-04-24,0.689919661
2022-04-25,0.716673965
2022-04-26,0.740089824
2022-04-27,0.678840961
2022-04-28,0.700864642
2022-04-29,0.697096287
2022-04-30,0.705611377
2022-05-01,0.73044883
2022-05-02,0.698005812
2022-05-03,0.67706032
2022-05-04,0.663255293
2022-05-05,0.694657006
2022-05-06,0.680908893
2022-05-07,0.651052066
2022-05-08,0.675277723
2022-05-09,0.683348423
2022-05-10,0.690535996
2022-05-11,0.683123763
2022-05-12,0.696813685
2022-05-13,0.705662597
2022-05-14,0.661234436
2022-05-15,0.685348008
2022-05-16,0.690244324
2022-05-17,0.677955031
2022-05-18,0.696600705
2022-05-19,0.666874311
2022-05-20,0.675550166
2022-05-21,0.685500573
2022-05-22,0.676143944
2022-05-23,0.656325041
2022-05-24,0.656521513
2022-05-25,0.653960962
2022-05-26,0.638173813
2022-05-27,0.64993083
2022-05-28,0.637400335
2022-05-29,0.632103732
2022-05-30,0.631456618
2022-05-31,0.664477275
2022-06-01,0.647425859
2022-06-02,0.680258073
2022-06-03,0.718846417
2022-06-04,0.683668932
2022-06-05,0.736796119
2022-06-06,0.604080851
2022-06-07,0.595168493
2022-06-08,0.590966081
2022-06-09,0.585714336
2022-06-10,0.586428534
2022-06-11,0.580760819
2022-06-12,0.578199364
2022-06-13,0.56906266
2022-06-14,0.562666919
2022-06-15,0.562575968
2022-06-16,0.559187705
2022-06-17,0.544161236
2022-06-18,0.548900397
2022-06-19,0.536987244
2022-06-20,0.608808092
2022-06-21,0.564300031
2022-06-22,0.575729996
2022-06-23,0.546971994
2022-06-24,0.55398189
2022-06-25,0.71150275
2022-06-26,0.602207018
2022-06-27,0.561335593
2022-06-28,0.572274823
2022-06-29,0.547302967
2022-06-30,0.560971545
2022-07-01,0.550227937
2022-07-02,0.550074786
2022-07-03,0.530047348
2022-07-04,0.569464393
2022-07-05,0.572716243
2022-07-06,0.510426315
2022-07-07,0.509511334
2022-07-08,0.512685893
2022-07-09,0.533364533
2022-07-10,0.500131365
2022-07-11,0.460821861
2022-07-12,0.454346029
2022-07-13,0.436573495
2022-07-14,0.442941673
2022-07-15,0.444786517
2022-07-16,0.421754327
2022-07-17,0.416659994
2022-07-18,0.495871949
2022-07-19,0.497269853
2022-07-20,0.448348869
2022-07-21,0.428940452
2022-07-22,0.415330089
2022-07-23,0.420606253
2022-07-24,0.408303157
2022-07-25,0.405070067
2022-07-26,0.430766748
2022-07-27,0.465398304
2022-07-28,0.458699609
2022-07-29,0.427128773
2022-07-30,0.408710286
2022-07-31,0.405992795
2022-08-01,0.415324118
2022-08-02,0.394990884
2022-08-03,0.388621704
2022-08-04,0.375957088
2022-08-05,0.521898875
2022-08-06,0.418798182
2022-08-07,0.405991341
2022-08-08,0.462501907
2022-08-09,0.416232714
2022-08-10,0.41986441
2022-08-11,0.424384782
2022-08-12,0.43046462
2022-08-13,0.444062066
2022-08-14,0.406640053
2022-08-15,0.440503221
2022-08-16,0.371610721
2022-08-17,0.414231491
2022-08-18,0.413852206
2022-08-19,0.39948171
2022-08-20,0.402622041
2022-08-21,0.401474758
2022-08-22,0.389641704
2022-08-23,0.375533723
2022-08-24,0.396131642
2022-08-25,0.387711693
2022-08-26,0.380463616
2022-08-27,0.421624628
2022-08-28,0.415892631
2022-08-29,0.401813907
2022-08-30,0.408323485
2022-08-31,0.367177427
2022-09-01,0.417116979
2022-09-02,0.400159304
2022-09-03,0.425998569
2022-09-04,0.435165594
2022-09-05,0.421045586
2022-09-06,0.413384561
2022-09-07,0.412533812
2022-09-08,0.414712955
2022-09-09,0.403644563
2022-09-10,0.386766722
2022-09-11,0.396403593
2022-09-12,0.393026168
2022-09-13,0.350493507
2022-09-14,0.347186856
2022-09-15,0.343973075
2022-09-16,0.329897937
2022-09-17,0.32147695
2022-09-18,0.320403576
2022-09-19,0.366548278
2022-09-20,0.344442347
2022-09-21,0.364677329
2022-09-22,0.355328535
2022-09-23,0.346692375
2022-09-24,0.337818873
2022-09-25,0.354389232
2022-09-26,0.323535231
2022-09-27,0.312601033
2022-09-28,0.304386622
2022-09-29,0.309530945
2022-09-30,0.326498146
2022-10-01,0.332626637
2022-10-02,0.453028304
2022-10-03,0.605663109
2022-10-04,0.538615179
2022-10-05,0.450049071
2022-10-06,0.376854091
2022-10-07,0.328021528
2022-10-08,0.364205009
2022-10-09,0.366227946
2022-10-10,0.309903594
2022-10-11,0.307902371
2022-10-12,0.364377263
2022-10-13,0.345476612
2022-10-14,0.322075939
2022-10-15,0.373190532
2022-10-16,0.346285513
2022-10-17,0.372391971
2022-10-18,0.373158378
2022-10-19,0.357446653
2022-10-20,0.369872211
2022-10-21,0.366568886
2022-10-22,0.35889601
2022-10-23,0.318444315
2022-10-24,0.351127907
2022-10-25,0.348976074
2022-10-26,0.350880679
2022-10-27,0.335674481
2022-10-28,0.302181272
2022-10-29,0.325217529
2022-10-30,0.33537303
2022-10-31,0.319524778
2022-11-01,0.328624895
2022-11-02,0.310227835
2022-11-03,0.371343227
2022-11-04,0.324650337
2022-11-05,0.315217279
2022-11-06,0.318118428
2022-11-07,0.300808778
2022-11-08,0.295654472
2022-11-09,0.290289457
2022-11-10,0.281068275
2022-11-11,0.276855309
2022-11-12,0.275975379
2022-11-13,0.269234034
2022-11-14,0.270821419
2022-11-15,0.267187463
2022-11-16,0.289157038
2022-11-17,0.273262643
2022-11-18,0.29703656
2022-11-19,0.274521649
2022-11-20,0.264341814
2022-11-21,0.327072756
2022-11-22,0.295018842
2022-11-23,0.418291682
2022-11-24,0.534997587
2022-11-25,0.643794607
2022-11-26,0.557486658
2022-11-27,0.551462421
2022-11-28,0.48543833
2022-11-29,0.422169898
2022-11-30,0.367621115
2022-12-01,0.315578949
2022-12-02,0.352509238
2022-12-03,0.290832548
2022-12-04,0.295018592
2022-12-05,0.417375891
2022-12-06,0.454511251
2022-12-07,0.652829442
2022-12-08,0.570748495
2022-12-09,0.740834318
2022-12-10,0.790109574
2022-12-11,0.706363273
2022-12-12,0.737842453
2022-12-13,0.849445984
2022-12-14,0.837190762
2022-12-15,0.822174828
2022-12-16,0.845015319
2022-12-17,0.696241033
2022-12-18,0.656571265
2022-12-19,0.649732404
2022-12-20,0.649359008
2022-12-21,0.639630235
2022-12-22,0.600439525
2022-12-23,0.577812661
2022-12-24,0.553583362
2022-12-25,0.565658208
2022-12-26,0.676662185
2022-12-27,0.766559518
2022-12-28,0.708320874
2022-12-29,0.708067207
2022-12-30,0.870066277
2022-12-31,0.881752848
2023-01-01,0.83061122
2023-01-02,0.823690537
2023-01-03,0.739083639
2023-01-04,0.692777693
2023-01-05,0.705964
2023-01-06,0.762403871
2023-01-07,0.86381782
2023-01-08,0.856403489
2023-01-09,0.681601196
2023-01-10,0.647088389
2023-01-11,0.630611232
2023-01-12,0.657493206
2023-01-13,0.60406537
2023-01-14,0.592784194
2023-01-15,0.586127389
2023-01-16,0.645789542
2023-01-17,0.762657679
2023-01-18,0.718405477
2023-01-19,0.821171543
2023-01-20,0.778329993
2023-01-21,0.832330468
2023-01-22,0.724706872
2023-01-23,0.786908561
2023-01-24,0.800543779
2023-01-25,0.728313337
2023-01-26,0.857272555
2023-01-27,0.853644245
2023-01-28,0.87492149
2023-01-29,0.96042734
2023-01-30,0.959341578
2023-01-31,0.836310612
2023-02-01,0.895929096
2023-02-02,0.856282614
2023-02-03,0.881153379
2023-02-06,0.923182705
2023-02-09,0.800964417
2023-02-10,0.831180499
2023-02-11,0.89026946
2023-02-12,0.820054782
2023-02-13,0.787319886
2023-02-14,0.740711104
2023-02-15,0.839047077
2023-02-16,0.852954409
2023-02-17,0.811708366
2023-02-18,0.79995327
2023-02-19,0.777530028
2023-02-20,0.752573373
2023-02-21,0.734587921
2023-02-22,0.759915358
2023-02-23,0.794834537
2023-02-24,0.767497108
2023-02-25,0.729045295
2023-02-26,0.688796602
2023-02-27,0.856995652
2023-02-28,0.771471416
2023-03-01,0.760932223
2023-03-02,0.713136341
2023-03-03,0.724319381
2023-03-04,0.754519299
2023-03-05,0.828863625
2023-03-06,0.877581508
2023-03-07,0.869311069
2023-03-08,0.82906265
2023-03-09,0.766883052
2023-03-10,0.898983667
2023-03-12,0.836921008
2023-03-13,0.833533582
2023-03-14,0.851718912
2023-03-15,0.790293237
2023-03-16,0.819828286
2023-03-17,0.889112491
2023-03-18,0.932759417
2023-03-19,0.854902314
2023-03-20,0.830208072
2023-03-22,0.885815439
2023-03-23,0.809862845
2023-03-24,0.897325726
2023-03-25,0.90158778
2023-03-26,0.909173812
2023-03-29,0.903077942
2023-03-30,0.920977497
2023-04-02,0.903425156
2023-04-03,0.950566858
2023-04-05,0.803849488
2023-04-06,0.803723968
2023-04-07,0.836100715
2023-04-08,0.915631455
2023-04-10,0.818322161
2023-04-11,0.889454478
2023-04-12,0.805145665
2023-04-13,0.803145393
2023-04-14,0.835285335
2023-04-16,0.829044558
2023-04-17,0.800665399
2023-04-18,0.798961646
2023-04-19,0.790018526
2023-04-20,0.791814367
2023-04-21,0.804134563
2023-04-22,0.791052855
2023-04-23,0.768442023
2023-04-24,0.770670153
2023-04-25,0.774701298
2023-04-26,0.75879566
2023-04-27,0.760795877
2023-04-28,0.773298572
2023-04-29,0.75650681
2023-04-30,0.765357898
2023-05-01,0.758697459
2023-05-02,0.763725333
2023-05-03,0.800276124
2023-05-04,0.812365165
2023-05-05,0.870287083
2023-05-06,0.89596516
2023-05-07,0.892253231
2023-05-08,0.896165128
2023-05-09,0.868574215
2023-05-10,0.840460643
2023-05-11,0.845851853
2023-05-12,0.881684949
2023-05-13,0.889866232
2023-05-14,0.836185907
2023-05-15,0.881976899
2023-05-16,0.825517408
2023-05-17,0.81100661
2023-05-18,0.823961753
2023-05-19,0.801971685
2023-05-20,0.83148721
2023-05-21,0.806091915
2023-05-22,0.795337328
2023-05-23,0.803636203
2023-05-24,0.7958634
2023-05-25,0.807038284
2023-05-26,0.824517772
2023-05-27,0.831166305
2023-05-28,0.842133062
2023-05-29,0.835160109
2023-05-30,0.810438075
2023-05-31,0.790583688
2023-06-01,0.786859826
2023-06-02,0.78648621
2023-06-03,0.785690407
2023-06-04,0.790287016
2023-06-05,0.781092817
2023-06-06,0.779854889
2023-06-07,0.782454877
2023-06-08,0.783828872
2023-06-09,0.77896967
2023-06-10,0.779896976
2023-06-11,0.782102977
2023-06-12,0.767978586
2023-06-13,0.760681332
2023-06-14,0.74961395
2023-06-15,0.747525651
2023-06-16,0.740548014
2023-06-17,0.748456556
2023-06-18,0.739705257
2023-06-19,0.737935893
2023-06-20,0.737384274
2023-06-21,0.731466072
2023-06-22,0.718878231
2023-06-23,0.73865993
2023-06-24,0.741660319
2023-06-25,0.73210845
2023-06-26,0.725991026
2023-06-27,0.71916356
2023-06-28,0.718174254
2023-06-29,0.709281664
2023-06-30,0.712064866
2023-07-01,0.702744619
2023-07-02,0.691920315
2023-07-03,0.687295088
2023-07-04,0.673071546
2023-07-05,0.679556458
2023-07-06,0.666286727
2023-07-07,0.654600677
2023-07-08,0.647329117
2023-07-09,0.641077428
2023-07-10,0.633087771
2023-07-11,0.630479138
2023-07-12,0.624200362
2023-07-13,0.620011007
2023-07-14,0.607746795
2023-07-15,0.601366622
2023-07-16,0.600827966
2023-07-17,0.613139433
2023-07-18,0.585889609
2023-07-19,0.590806154
2023-07-20,0.580964085
2023-07-21,0.592183532
2023-07-22,0.649145574
2023-07-23,0.615153281
2023-07-24,0.576848941
2023-07-25,0.565695786
2023-07-26,0.566041476
2023-07-27,0.562577061
2023-07-28,0.558196792
2023-07-29,0.565079428
2023-07-30,0.613018796
2023-07-31,0.761738758
2023-08-01,0.786971365
2023-08-02,0.797006458
2023-08-03,0.784765671
2023-08-04,0.773286335
2023-08-05,0.823449985
2023-08-06,0.824324863
2023-08-07,0.81719723
2023-08-08,0.76978364
2023-08-09,0.704927506
2023-08-10,0.673591556
2023-08-11,0.667327162
2023-08-12,0.642773319
2023-08-13,0.619471653
2023-08-14,0.573634506
2023-08-15,0.550796297
2023-08-16,0.52756676
2023-08-17,0.516590867
2023-08-18,0.51143597
2023-08-19,0.537452416
2023-08-20,0.526763104
2023-08-21,0.473908193
2023-08-22,0.510287853
2023-08-23,0.506885156
2023-08-24,0.497768698
2023-08-25,0.492028419
2023-08-26,0.485128431
2023-08-27,0.475932998
2023-08-28,0.46797028
2023-08-29,0.458346523
2023-08-30,0.459343182
2023-08-31,0.417516374
2023-09-01,0.462467509
2023-09-02,0.449884549
2023-09-03,0.4427728
2023-09-04,0.409045522
2023-09-05,0.551054995
2023-09-06,0.614473747
2023-09-07,0.479187226
2023-09-08,0.458814074
2023-09-09,0.429734065
2023-09-10,0.414866826
2023-09-11,0.411810116
2023-09-12,0.38664539
2023-09-13,0.379861767
2023-09-14,0.371255207
2023-09-15,0.361744179
2023-09-16,0.364924924
2023-09-17,0.425093908
2023-09-18,0.424274005
2023-09-19,0.364063108
2023-09-20,0.361174929
2023-09-21,0.339872879
2023-09-22,0.340169376
2023-09-23,0.345340086
2023-09-24,0.36310937
2023-09-25,0.345007388
2023-09-26,0.322903511
2023-09-27,0.349035519
2023-09-28,0.32338001
2023-09-29,0.338368638
2023-09-30,0.39107694
2023-10-01,0.38268927
2023-10-02,0.380109731
2023-10-03,0.354386978
2023-10-04,0.332737928
2023-10-05,0.368019899
2023-10-06,0.339205229
2023-10-07,0.398830091
2023-10-08,0.354134258
2023-10-09,0.36124003
2023-10-10,0.442521747
2023-10-11,0.453167636
2023-10-12,0.385421462
2023-10-13,0.479569073
2023-10-14,0.530257345
2023-10-15,0.562613856
2023-10-16,0.577366495
2023-10-17,0.62433928
2023-10-18,0.761370035
2023-10-19,0.781002973
2023-10-20,0.805690369
2023-10-21,0.910702602
2023-10-24,0.850179052
2023-10-25,0.736858111
2023-10-26,0.682873605
2023-10-27,0.658042306
2023-10-28,0.644486412
2023-10-29,0.619538231
2023-10-30,0.590803057
2023-10-31,0.570358369
2023-11-01,0.591484772
2023-11-02,0.523325161
2023-11-03,0.504375981
2023-11-04,0.561952125
2023-11-05,0.665768993
2023-11-06,0.824450718
2023-11-07,0.804412779
2023-11-08,0.784841203
2023-11-09,0.963127444
2023-11-10,0.873343187
2023-11-11,0.779619906
2023-11-12,0.803306757
2023-11-13,0.69654534
2023-11-14,0.703192801
2023-11-15,0.766486079
2023-11-16,0.805041982
2023-11-17,0.861523243
2023-11-18,0.723413865
2023-11-19,0.753108329
2023-11-20,0.659264093
2023-11-21,0.670487418
2023-11-22,0.609700698
2023-11-23,0.587154338
2023-11-24,0.754840744
2023-11-25,0.756092378
2023-11-26,0.749631269
2023-11-27,0.808501651
2023-11-28,0.582842013
2023-11-29,0.615348756
2023-11-30,0.734975893
2023-12-01,0.589040319
2023-12-02,0.536868563
2023-12-03,0.514599031
2023-12-04,0.535930389
2023-12-05,0.512350647
2023-12-06,0.473298255
2023-12-07,0.48859414
2023-12-08,0.551285374
2023-12-09,0.763606655
2023-12-10,0.819913914
2023-12-11,0.721691567
2023-12-12,0.714969066
2023-12-13,0.806211492
2023-12-14,0.687896168
2023-12-15,0.717806718
2023-12-16,0.790713958
2023-12-17,0.774007257
2023-12-18,0.831916669
2023-12-19,0.689698854
2023-12-20,0.664169572
2023-12-21,0.581682129
2023-12-22,0.669851177
2023-12-23,0.59110197
2023-12-24,0.611613557
2023-12-25,0.582274657
2023-12-26,0.574743897
2023-12-27,0.733187567
2023-12-28,0.878876606
2023-12-29,0.965942496
2023-12-30,0.857173043
2023-12-31,0.699170249
2024-01-01,0.805178037
2024-01-02,0.784368446
2024-01-03,0.748624039
2024-01-04,0.749777081
2024-01-05,0.83397346
2024-01-06,0.742092444
2024-01-07,0.671147163
2024-01-08,0.699463045
2024-01-09,0.726466521
2024-01-10,0.670255879
2024-01-11,0.725414821
2024-01-12,0.714546324
2024-01-13,0.647501826
2024-01-14,0.640493167
2024-01-15,0.746575226
2024-01-16,0.794276764
2024-01-17,0.761486802
2024-01-18,0.822680563
2024-01-19,0.843182241
2024-01-21,0.861240779
2024-01-22,0.743879948
2024-01-24,0.786037594
2024-01-26,0.800845318
2024-01-27,0.751213682
2024-01-28,0.864016158
2024-01-29,0.696472045
2024-01-30,0.693114299
2024-01-31,0.699938442
2024-02-01,0.913927717
2024-02-02,0.828783005
2024-02-03,0.754200011
2024-02-05,0.763953292
2024-02-06,0.72357884
2024-02-07,0.696454137
2024-02-08,0.730044125
2024-02-09,0.656707598
2024-02-10,0.730868338
2024-02-11,0.730462252
2024-02-12,0.810309561
2024-02-13,0.745992755
2024-02-14,0.795399452
2024-02-15,0.778052085
2024-02-17,0.877627088
2024-02-18,0.849121697
2024-02-19,0.82038705
2024-02-20,0.762349982
2024-02-21,0.725844302
2024-02-22,0.668925803
2024-02-23,0.731102387
2024-02-24,0.948527091
2024-02-25,0.869183571
2024-02-28,0.841569199
2024-02-29,0.902977996
2024-03-01,0.929456432
2024-03-04,0.817812318
2024-03-05,0.834488261
2024-03-06,0.917715485
2024-03-07,0.953448184
2024-03-08,0.908131282
2024-03-09,0.835179994
2024-03-11,0.821283906
2024-03-12,0.875705205
2024-03-13,0.800173296
2024-03-14,0.88178304
2024-03-15,0.812933453
2024-03-16,0.814600041
2024-03-20,0.78078377
2024-03-21,0.727377037
2024-03-22,0.793761634
2024-03-23,0.753540124
2024-03-24,0.680652136
2024-03-25,0.903725278
2024-03-26,0.889781964
2024-03-27,0.906629135
2024-03-29,0.740013651
2024-03-30,0.736687911
2024-03-31,0.766260155
2024-04-01,0.742420049
2024-04-02,0.755009163
2024-04-04,0.8285186
2024-04-06,0.816417636
2024-04-07,0.895469553
2024-04-08,0.846646768
2024-04-09,0.750081716
2024-04-10,0.794235927
2024-04-11,0.823128217
2024-04-12,0.863445307
2024-04-13,0.748459669
2024-04-14,0.66971553
2024-04-15,0.664837662
2024-04-16,0.656222059
2024-04-17,0.665662244
2024-04-18,0.68601757
2024-04-19,0.721636687
2024-04-20,0.849559654
2024-04-21,0.756357712
2024-04-22,0.813828393
2024-04-23,0.761999254
2024-04-24,0.726581834
2024-04-25,0.697478288
2024-04-26,0.679750894
2024-04-27,0.672896411
2024-04-28,0.684909927
2024-04-29,0.737494057
2024-04-30,0.779967635
2024-05-01,0.908194027
2024-05-02,0.778585474
2024-05-03,0.718810489
2024-05-04,0.664475001
2024-05-05,0.708660415
2024-05-06,0.682502188
2024-05-07,0.675834715
2024-05-08,0.668780737
2024-05-09,0.706514582
2024-05-10,0.655111554
2024-05-11,0.648834264
2024-05-12,0.672180593
2024-05-13,0.726515705
2024-05-14,0.773124621
2024-05-15,0.780545161
2024-05-17,0.806404134
2024-05-18,0.670046845
2024-05-19,0.640997742
2024-05-20,0.640734099
2024-05-21,0.63529575
2024-05-22,0.634034538
2024-05-23,0.637386746
2024-05-24,0.655830974
2024-05-25,0.661172643
2024-05-26,0.65598936
2024-05-27,0.651368121
2024-05-28,0.654083807
2024-05-29,0.659308367
2024-05-30,0.656736291
2024-05-31,0.645384102
2024-06-01,0.635483036
2024-06-02,0.625795415
2024-06-03,0.618682959
2024-06-04,0.611354273
2024-06-05,0.612177409
2024-06-06,0.612989771
2024-06-07,0.608184424
2024-06-08,0.601829837
2024-06-09,0.601604087
2024-06-10,0.601011045
2024-06-11,0.597083852
2024-06-12,0.589791239
2024-06-13,0.581142622
2024-06-14,0.570281171
2024-06-15,0.575144579
2024-06-16,0.574674516
2024-06-17,0.570977608
2024-06-18,0.572774255
2024-06-19,0.64370486
2024-06-20,0.766261049
2024-06-21,0.814110579
2024-06-22,0.690460128
2024-06-23,0.65318374
2024-06-24,0.625710403
2024-06-25,0.59709633
2024-06-26,0.571967535
2024-06-27,0.557263783
2024-06-28,0.539312988
2024-06-29,0.55460423
2024-06-30,0.563386618
2024-07-01,0.531698229
2024-07-02,0.505710168
2024-07-03,0.477882764
2024-07-04,0.467973328
2024-07-05,0.459833523
2024-07-06,0.450991332
2024-07-07,0.448884263
2024-07-08,0.439454017
