date,bc_aod_regional,temperature_c,total_precip_mm,snowfall_mm,rainfall_mm,year,month,day_of_year,albedo_mean,predicted_albedo,residuals,leverage,cooks_distance,studentized_residuals
2023-07-15,0.127825769,13.88202248,1.175507903,0.0,1.175507903,2023,7,196,0.19374272541958987,0.12474712354866063,0.06899560187092924,0.1438456112967139,0.011431464524326428,0.5832619885183515
2023-08-18,0.1251576069,16.31034749,4.055202007,0.0,4.055202007,2023,8,230,0.16666666666666666,0.11057354567092889,0.056093120995737766,0.13042954919630023,0.006641287358582822,0.47051722632992515
2024-07-25,0.1084101654,14.58621941,2.932679653,0.0,2.932679653,2024,7,207,0.349,0.1439012171304272,0.20509878286957278,0.09611460460700322,0.06055575560752783,1.6874258923272822
2023-07-14,0.1038772534,11.86190948,3.46865654,0.0,3.46865654,2023,7,195,0.2194741666105143,0.15885668158770352,0.06061748502281078,0.08869787062061738,0.004802317477950094,0.4966895600068672
2023-08-04,0.08374926659,14.7893781,3.528052568,0.0,3.528052568,2023,8,216,0.16085664057463142,0.17581466194300488,-0.014958021368373459,0.053210254763514646,0.0001625186336177485,-0.12024462904550103
2022-09-04,0.07129529041,16.15122948,0.000851,0.0,0.000851,2022,9,247,0.16734181485146873,0.1988527200062633,-0.03151090515479457,0.04221995328925956,0.0005592095136952729,-0.25185251739077746
2023-07-13,0.06852174717,11.21918958,9.249105275,0.0,9.249105275,2023,7,194,0.22033333333333335,0.19311762056844772,0.02721571276488563,0.040270084605927264,0.000396269383525722,0.21730189163074154
2022-09-13,0.06599456428,9.647883987,5.88068366,0.0,5.88068366,2022,9,256,0.1794,0.21282209614934322,-0.03342209614934322,0.03383851191325042,0.0004955024390376114,-0.2659666195737202
2024-08-03,0.06251925619,17.7904335,1.749832982,0.0,1.749832982,2024,8,216,0.267,0.19963390963294786,0.06736609036705216,0.03199583777069497,0.0018962183283263083,0.5355759187531067
2023-08-05,0.0593435538,11.97271754,4.303330183,0.0,4.303330183,2023,8,217,0.15333333333333332,0.21818299281301934,-0.06484965947968602,0.024432389382125674,0.0013210924520124393,-0.5135672530733358
2023-08-21,0.05890933096,9.970956421,4.007703066,0.0,4.007703066,2023,8,233,0.150125,0.22722075573443726,-0.07709575573443725,0.02574929462552368,0.0019731106236438815,-0.6109608978553259
2023-08-20,0.05614743521,7.524001694,0.1054435968,0.0,0.1054435968,2023,8,232,0.1973616465076816,0.25217334877188213,-0.05481170226420054,0.03267249522645317,0.00128365532352441,-0.4359180297458301
2024-07-26,0.05009686852,8.108741379,0.2266168594,0.0,0.2266168594,2024,7,208,0.3316363636363637,0.2580670498793758,0.07356931375698789,0.02521374970728684,0.001757432584181249,0.582854720285825
2023-08-08,0.04826816494,12.48353984,2.01202345,0.0,2.01202345,2023,8,220,0.1505,0.23873014677036478,-0.08823014677036478,0.01585349727656929,0.0015592156850168348,-0.6956734598566467
2024-07-24,0.04621210878,17.50613556,0.000852,0.0,0.000852,2024,7,206,0.41016237094851543,0.2288375284842586,0.18132484246425684,0.020465884369009316,0.008581685946973065,1.4330648239001484
2023-06-11,0.04551043406,11.85539462,8.103787899,0.0,8.103787899,2023,6,162,0.21199854229795928,0.22639651375929606,-0.014397971461336784,0.019117777534638437,5.0404917675939416e-05,-0.11371328006816306
2024-07-23,0.04521744187,18.28513934,0.6555318832,0.0,0.6555318832,2024,7,205,0.3745694008208656,0.22530434160990384,0.14926505921096175,0.020509309187137944,0.005828185125490172,1.179712854052137
2024-09-09,0.04357062008,13.93718745,0.3464400768,0.0,0.3464400768,2024,9,253,0.19992307692307693,0.2449047861575273,-0.044981709234450384,0.014625794323479857,0.000372954289878726,-0.3544489298517708
2023-06-15,0.04200927702,2.187490082,19.06727645,17.00913906,2.058137392,2023,6,166,0.544529576990178,0.371862178731421,0.172667398258757,0.287392753954725,0.20647270731022702,1.5999394181842177
2023-08-06,0.04183615105,11.93906047,6.389036775,0.0,6.389036775,2023,8,218,0.20388195776794812,0.23644324933773453,-0.032561291569786405,0.013701862448242388,0.00018273975567945284,-0.25645774955742817
2024-07-27,0.0416895517,8.928777949,0.4811584949,0.0,0.4811584949,2024,7,209,0.33408333333333334,0.2659656073467158,0.06811772598661753,0.01653182540121325,0.000970481112327287,0.5372770578422547
2022-09-14,0.04066280315,7.529652532,6.738099456,0.0,6.738099456,2022,9,257,0.21904778428305519,0.2536081447717483,-0.034560360488693126,0.01747633253932493,0.0002645985149892566,-0.27272507119030776
2023-07-24,0.04041331211,17.79275093,0.3854721785,0.0,0.3854721785,2023,7,205,0.15147867297695333,0.2346981889682387,-0.08321951599128538,0.017151913086945556,0.001504723700356473,-0.6565991218335139
2023-08-19,0.04040224511,6.278574244,1.044988632,0.0,1.044988632,2023,8,231,0.17486200553211378,0.2760181360955913,-0.1011561305634775,0.020466523311419283,0.0026708933151624904,-0.7994676170209687
2024-07-28,0.03829522047,11.35480207,0.2930849791,0.0,0.2930849791,2024,7,210,0.3354166666666667,0.262159733908554,0.07325693275811268,0.011909948808412937,0.000801089279543498,0.5764594698274288
2023-08-03,0.0381434447,16.92602119,0.04524290551,0.0,0.04524290551,2023,8,215,0.11510424807247782,0.24216947324620292,-0.1270652251737251,0.014897860390049561,0.0030330628696734166,-1.0013926271368314
2022-09-12,0.03764522315,11.14098384,0.372081995,0.0,0.372081995,2022,9,255,0.1794,0.2636325524809018,-0.08423255248090178,0.011561400342394957,0.0010273953248844407,-0.6627098461590135
2024-08-04,0.03621289924,14.62176984,4.758089781,0.0,4.758089781,2024,8,217,0.24754060862873195,0.23918371106668926,0.008356897562042692,0.010476911977147316,9.144041850613218e-06,0.06571286813725252
2024-08-05,0.03522485256,12.49690272,1.816347241,0.0,1.816347241,2024,8,218,0.31091421032040695,0.2575183545568915,0.053395855763515465,0.008272548951404127,0.000293451541407357,0.4194012245752374
2023-08-07,0.03485037114,11.93211581,9.965506196,0.0,9.965506196,2023,8,219,0.10781643309422477,0.23534699425725558,-0.1275305611630308,0.020517312580776683,0.004256200753748161,-1.007938882326989
2023-08-31,0.03484269204,9.561147308,12.68248558,0.0,12.68248558,2023,8,243,0.161,0.23600162580956854,-0.07500162580956854,0.032242796369016835,0.002369779000075645,-0.596356258870415
2023-07-07,0.0335157572,10.2840903,10.96478403,0.0,10.96478403,2023,7,188,0.23600000000000002,0.24036953901763058,-0.004369539017630569,0.023907536266383627,5.862606748694979e-06,-0.03459461105134994
2024-08-16,0.03314584594,10.73537216,12.65125871,0.0,12.65125871,2024,8,229,0.2262222222222222,0.2340528504668573,-0.007830628244635096,0.03158250251793187,2.52685960830392e-05,-0.06224200913284838
2023-06-12,0.03276799258,11.25983391,7.322648168,0.0,7.322648168,2023,6,163,0.4179194557883278,0.24883765353016069,0.1690818022581671,0.011926773845616127,0.004273710250960612,1.3305175670015654
2023-07-12,0.03265089147,10.82992961,3.08723788,0.0,3.08723788,2023,7,193,0.22033333333333335,0.2635182942565975,-0.043184960923264154,0.0072309499251454095,0.0001674289575924216,-0.3390210983336135
2023-07-31,0.03207677631,13.29927915,0.3701925277,0.0,0.3701925277,2023,7,212,0.15707292209353654,0.26330748478917704,-0.1062345626956405,0.008405281217376477,0.0011805438509297223,-0.834482132577489
2023-09-04,0.0318927538,7.635104116,9.499830008,0.0,9.499830008,2023,9,247,0.16766666666666666,0.25706601293755393,-0.08939934627088728,0.02013105909464792,0.0020505291244223805,-0.7064292244046638
2024-07-21,0.02916322223,18.81064758,0.944751501,0.0,0.944751501,2024,7,203,0.3550598308627286,0.24490025113621328,0.1101595797265153,0.014884774843579541,0.002277610016693771,0.8681545885983522
2023-08-17,0.02906707994,18.07623316,0.0,0.0,0.0,2023,8,229,0.14387783711445187,0.2506747857553903,-0.10679694864093844,0.013797554457554309,0.0019799502210986384,-0.8411900308305047
2024-07-22,0.02880170491,18.97333934,1.474457979,0.0,1.474457979,2024,7,204,0.42508268136016786,0.2431805581144404,0.18190212324572747,0.015067482786400186,0.00628883073031282,1.4336820267848642
2024-09-12,0.0284326511,5.528074519,13.37317228,0.5421303213,12.83104196,2024,9,256,0.18546153846153846,0.26241992797539637,-0.07695838951385792,0.0348059898724346,0.0027077172463154018,-0.6127269350359975
2023-08-24,0.02821320871,6.525160726,0.4071452537,0.0,0.4071452537,2023,8,236,0.15966666666666665,0.2940809195453653,-0.13441425287869865,0.014060559231463767,0.0031978594722254475,-1.0588599272068284
2023-07-25,0.02763369732,13.70729027,0.5053500477,0.0,0.5053500477,2023,7,206,0.15733333333333333,0.2675751496486728,-0.11024181631533947,0.006861546986893563,0.001034574530870604,-0.8652861881226674
2023-08-23,0.02603606963,8.773359553,5.575740175,0.0,5.575740175,2023,8,235,0.15225,0.272926929804454,-0.12067692980445399,0.00843525022131889,0.0015288713170013852,-0.9479425620688391
2023-08-01,0.02550978038,14.51307259,0.002139555988,0.0,0.002139555988,2023,8,213,0.15694453673339065,0.26904716708140664,-0.11210263034801599,0.007412395242868574,0.0011569620019510618,-0.8801358059030314
2024-07-20,0.02530987077,18.45014661,0.2531213237,0.0,0.2531213237,2024,7,202,0.42750966095964216,0.2537521727515267,0.17375748820811548,0.013639206164829583,0.005179301190845632,1.3684972828878184
2023-06-14,0.02425248679,7.980318324,39.24048615,8.94503668,30.29544948,2023,6,165,0.3275,0.24823195970769635,0.07926804029230367,0.25251329228918273,0.03474882749988326,0.7171577478032869
2023-06-10,0.02358678442,11.88035927,5.108487213,0.0,5.108487213,2023,6,161,0.31225,0.26608795368549704,0.04616204631450299,0.005999918763129108,0.00015834678550258067,0.36216806498213905
2024-08-07,0.02333180759,8.053667323,17.09869504,0.0,17.09869504,2024,8,220,0.26487499999999997,0.24432125105356228,0.02055374894643769,0.05933721509876078,0.0003466633629660084,0.16576482388811342
2023-08-02,0.02289121996,15.64859416,0.001710653294,0.0,0.001710653294,2023,8,214,0.15392850303285985,0.26843930118532955,-0.1145107981524697,0.008116431458551574,0.0013237416497722792,-0.8993617316110241
2023-07-19,0.02283850941,11.65491384,0.00700039368,0.0,0.00700039368,2023,7,200,0.16982870254321722,0.28352003025030753,-0.11369132770709031,0.0059514133787025945,0.0009526342364462907,-0.8919527370142
2022-09-03,0.02157011353,18.04343185,0.000435,0.0,0.000435,2022,9,246,0.18559307583925824,0.2612821837033311,-0.07568910786407287,0.012370085547672889,0.0008890324644401446,-0.5957370062971936
2022-09-11,0.0215616651,11.49278412,0.02601316958,0.0,0.02601316958,2022,9,254,0.19581725558619767,0.2858578180135262,-0.09004056242732855,0.005688761109672555,0.000570842125308155,-0.7063099677038248
2023-09-05,0.02132993458,6.955599721,3.14950943,0.0,3.14950943,2023,9,248,0.15940000000000001,0.293736395838961,-0.13433639583896098,0.008570499378562607,0.0019254686573664567,-1.055312503668509
2024-08-17,0.02124328736,9.391948318,1.507475972,0.0,1.507475972,2024,8,230,0.2217,0.28969381284548507,-0.06799381284548506,0.005532524091680688,0.0003164809349202248,-0.5333255792973707
2023-07-06,0.02094496998,11.77086474,3.389197588,0.0,3.389197588,2023,7,187,0.287464258413119,0.27543110683890215,0.01203315157421686,0.004085859787589772,7.299028386049848e-06,0.09431629849601092
2023-07-16,0.02094492503,14.97053108,0.6228983402,0.0,0.6228983402,2023,7,197,0.19464488486673073,0.2718201589076759,-0.07717527404094518,0.006413747114472824,0.00047350400969734115,-0.6056109284629724
2024-07-29,0.02066561833,12.73717715,0.3785610198,0.0,0.3785610198,2024,7,211,0.3514,0.281356230477632,0.07004376952236802,0.005045649919060966,0.00030599648748667646,0.5492704599102872
2023-08-22,0.0205742761,10.73771439,17.54683554,0.0,17.54683554,2023,8,234,0.15225,0.23671643142254198,-0.08446643142254198,0.06356157971902052,0.006328068094790312,-0.6827517858018962
2023-07-04,0.02019047128,7.215403493,6.933021545,0.0,6.933021545,2023,7,185,0.27240000000000003,0.2828294046406267,-0.010429404640626694,0.01176784158191818,1.6038527755832618e-05,-0.0820631789714313
2022-08-15,0.01990985206,15.86610374,0.01963636199,0.0,0.01963636199,2022,8,227,0.2512338327047819,0.27173626599318657,-0.020502433288404676,0.00800794006987053,4.185832574946415e-05,-0.1610162173164286
2022-08-20,0.01990342271,18.01608047,1.49782598,0.0,1.49782598,2022,8,232,0.25225000000000003,0.25915555720177663,-0.006905557201776602,0.01152731712645148,6.884350415723891e-06,-0.05432937406017525
2023-07-08,0.01964088493,11.8316831,1.078526579,0.0,1.078526579,2023,7,189,0.24614598369863125,0.28406378339454064,-0.03791779969590939,0.0041977560984506,7.447729117017762e-05,-0.29721784984541977
2024-07-19,0.01929630851,17.39123433,1.906329393,0.0,1.906329393,2024,7,201,0.3615028933944183,0.26111100284298266,0.10039189055143566,0.010055701655108691,0.0012654784220251737,0.7892444994185658
2023-07-28,0.01836714101,8.66485939,4.460647702,0.0,4.460647702,2023,7,209,0.157,0.287457127527014,-0.13045712752701402,0.006119776195881197,0.0012902375633274347,-1.0235736505882291
2023-07-18,0.01833957095,9.64101181,1.107784772,0.0,1.107784772,2023,7,199,0.18425,0.29403540158935454,-0.10978540158935454,0.005084153662828749,0.000757533386223843,-0.8609337458399
2024-08-15,0.01831484572,13.13222148,6.61881268,0.0,6.61881268,2024,8,228,0.42935207972982764,0.26415222230742824,0.1651998574223994,0.009249226838958657,0.0031467521924326727,1.2982124462485625
2022-09-15,0.01829230844,6.651979701,2.396432497,0.0,2.396432497,2022,9,258,0.20366666666666666,0.3014206121845387,-0.09775394551787203,0.008749271047832404,0.0010412140946046292,-0.7679993381025975
2023-08-30,0.01826053455,12.81636899,8.716077233,0.0,8.716077233,2023,8,242,0.16066666666666665,0.2590287468114963,-0.09836208014482964,0.015082491769688875,0.0018407525338868165,-0.7752576956740624
2023-08-16,0.01824653263,17.98869349,0.001132488251,0.0,0.001132488251,2023,8,228,0.13086359593744298,0.26613436392874906,-0.13527076799130608,0.01203164209616199,0.002760027195012198,-1.0645124577827891
2024-09-11,0.01765464066,6.523477809,8.682030439,0.0,8.682030439,2024,9,255,0.1859230769230769,0.283651963950929,-0.0977288870278521,0.01710208635251005,0.002068925205338576,-0.7710580161488875
2024-08-06,0.01761371131,11.15372047,13.33796978,0.0,13.33796978,2024,8,219,0.26425,0.25211104296836273,0.012138957031637254,0.03533753925125247,6.847229923895981e-05,0.09667451348556692
2024-09-08,0.01668803316,15.82061793,0.01562152903,0.0,0.01562152903,2024,9,252,0.18391134124118555,0.2764256675197405,-0.09251432627855496,0.0077357221322720444,0.0008228690828608288,-0.7264632050105362
2023-07-05,0.01663608463,8.395312881,2.607032657,0.0,2.607032657,2023,7,186,0.24984615384615386,0.29653766789322633,-0.046691514047072474,0.005560086319949927,0.00014999161095011185,-0.3662410273215179
2024-08-14,0.01643776999,12.54507281,5.72066009,0.0,5.72066009,2024,8,227,0.316,0.2717216904808568,0.04427830951914319,0.006965497446941069,0.00016946192714460386,0.34755790683424354
2024-08-02,0.01601830784,19.56034813,0.3269493579,0.0,0.3269493579,2024,8,215,0.2209327928578404,0.26234632050532775,-0.04141352764748735,0.016159683963702275,0.0003503762823757641,-0.32658649995469
2023-09-01,0.01570404424,9.570472972,13.39303353,0.0,13.39303353,2023,9,244,0.1781256349425155,0.26056995471032035,-0.08244431976780486,0.03548435316892956,0.0031725350781323823,-0.6566355789008205
2023-07-27,0.01564597758,9.337110138,0.9320616722,0.0,0.9320616722,2023,7,208,0.18764019469737706,0.2994810778575418,-0.11184088316016474,0.0052059832527170625,0.0008052008591478327,-0.8771064725916621
2024-08-23,0.01524870192,12.39799525,1.799689431,0.0,1.799689431,2024,8,236,0.2257550558958096,0.28587999852654866,-0.06012494263073906,0.0035931216165241624,0.00016009377651422715,-0.4711450437028542
2023-07-09,0.0148021308,15.30920499,0.5713742167,0.0,0.5713742167,2023,7,190,0.2631088900530451,0.2792944616547259,-0.01618557160168077,0.006549039568101742,2.1271956948054012e-05,-0.12702030015088067
2024-08-10,0.01470545482,11.50664419,5.275249481,0.0,5.275249481,2024,8,223,0.34040937997881104,0.2794073804425553,0.061001999536255735,0.0058432015359221046,0.00026921288968458773,0.4785583932503433
2024-08-08,0.01443716886,8.909821447,1.413464546,0.0,1.413464546,2024,8,221,0.3470172913674621,0.30131287517454197,0.04570441619292015,0.005197095456398529,0.00013423616997628525,0.35843297244857575
2024-07-18,0.01437940418,17.82499657,4.210519791,0.0,4.210519791,2024,7,200,0.3459230769230769,0.25933832793511774,0.08658474898795915,0.013403239135183168,0.001263222394745868,0.6818516093747603
2024-08-24,0.01431675266,7.814149475,14.8909688,0.0,14.8909688,2024,8,237,0.23842857142857143,0.2645548137248769,-0.026126242296305446,0.04541467903766725,0.0004162816452587991,-0.20916445562903915
2023-08-25,0.01418338537,9.613717016,0.1591593027,0.0,0.1591593027,2023,8,237,0.16077071067457346,0.3028401648138195,-0.14206945413924602,0.005639086313043756,0.0014086032706437026,-1.114415130068788
2024-08-11,0.01372033174,10.77491468,2.438375354,0.0,2.438375354,2024,8,224,0.31310477458331026,0.2921779423706862,0.02092683221262409,0.003537572204404375,1.9092247584091788e-05,0.16398017234143375
2024-08-12,0.01368928634,11.59855042,2.881133556,0.0,2.881133556,2024,8,225,0.22546101859542433,0.2877745760614462,-0.06231355746602185,0.003543507528354173,0.00016956975204907972,-0.48828309132426667
2023-07-26,0.01323037923,8.2347332,0.9195656622,0.0,0.9195656622,2023,7,207,0.15733333333333333,0.30704445350817844,-0.1497111201748451,0.006378021285430868,0.0017718147851045775,-1.1747941505236175
2023-07-23,0.01302515336,17.29650841,0.03050267685,0.0,0.03050267685,2023,7,204,0.16203506115213592,0.275951394392184,-0.1139163332400481,0.010554851293757788,0.0017120138863668069,-0.8957946119648975
2023-06-09,0.01300354319,12.43541489,1.9426018,0.0,1.9426018,2023,6,160,0.347,0.2884440734625785,0.05855592653742148,0.003609856857822073,0.00015255957376766313,0.45885393057364726
2023-08-09,0.01285335918,10.82429911,9.756004108,0.0,9.756004108,2023,8,221,0.150125,0.2709176131685248,-0.1207926131685248,0.01845342012959416,0.003419813408826237,-0.9536812186160281
2023-07-03,0.01261685181,7.890260315,0.6889998912,0.0,0.6889998912,2023,7,184,0.24996878637619996,0.30990057899083556,-0.059931792614635604,0.007090154695871454,0.00031609471103684805,-0.47045779617103783
2023-08-27,0.01203964698,13.89593023,0.007480382919,0.0,0.007480382919,2023,8,239,0.16411816172905552,0.29019188456933237,-0.12607372284027685,0.005502718566198727,0.0010821460336517023,-0.9888742940733264
2022-08-19,0.01190440921,18.75165393,0.03471789205,0.0,0.03471789205,2022,8,231,0.2504166666666667,0.2720321862682197,-0.021615519601553,0.014301780464423375,8.415891712029354e-05,-0.17029896321207966
2024-07-10,0.01164836948,19.85230408,0.2126395702,0.0,0.2126395702,2024,7,192,0.4534680826937216,0.26770805373524553,0.18576002895847604,0.017595861148964116,0.00769841494234961,1.4659713696915355
2023-07-21,0.011142653,14.71577733,0.682067871,0.0,0.682067871,2023,7,202,0.19641356525236056,0.2863078180095699,-0.08989425275720933,0.005898459153853762,0.0005902113434614625,-0.7052366333305867
2022-09-29,0.01100716492,10.88955269,1.321974397,0.0,1.321974397,2022,9,272,0.16922222222222225,0.2989415625556384,-0.12971934033341617,0.0037912015104585497,0.0007865968478693719,-1.016594732847145
2024-08-13,0.01082870873,11.04884682,0.7190257311,0.0,0.7190257311,2024,8,226,0.316,0.3004283182088796,0.015571681791120395,0.004128297893675103,1.235099371841709e-05,0.12205403308824249
2023-07-29,0.01072137069,10.93999507,3.106401325,0.0,3.106401325,2023,7,210,0.14839835996046144,0.2937167434259473,-0.14531838346548584,0.003825699905724454,0.0009962032769056642,-1.1388622608123273
2023-07-11,0.01064000067,10.68010292,6.340054361,0.0,6.340054361,2023,7,192,0.2215,0.28495953600021845,-0.06345953600021845,0.008221238669410071,0.00041187748263462096,-0.4984341621301782
2024-09-13,0.01063845818,5.719855881,2.464741468,0.0,2.464741468,2024,9,257,0.18525,0.3154237094614352,-0.13017370946143522,0.010053320138123378,0.0021271547380509485,-1.0233770877046278
2022-08-16,0.01046320429,16.52978541,0.6213396787,0.0,0.6213396787,2022,8,228,0.26745547391121505,0.2806192646004526,-0.013163790689237564,0.008897961402748338,1.9208008148151475e-05,-0.10342846844390034
2023-06-28,0.01043738821,12.27052523,0.254252553,0.0,0.254252553,2023,6,179,0.32475,0.29779555533078783,0.026954444669212152,0.004505409733752468,4.041884303543102e-05,0.21131447482870153
2023-07-22,0.010378888,15.96655426,1.715129614,0.0,1.715129614,2023,7,203,0.0821212163592192,0.2795245815740909,-0.19740336521487167,0.007702624786688982,0.0037301884920696764,-1.550072248452344
2022-08-14,0.01027855704,15.27106311,0.2744168042,0.0,0.2744168042,2022,8,226,0.30546691698769013,0.28666909266790586,0.018797824319784273,0.006964342054277344,3.0537409695394766e-05,0.1475514477363777
2024-08-09,0.01025885439,9.964477793,1.096844673,0.0,1.096844673,2024,8,222,0.2879622954352433,0.30415370447129464,-0.01619140903605132,0.004382138858771981,1.4181973897053358e-05,-0.12692775978382348
2023-09-20,0.01023827913,1.053421275,3.07315588,1.535449177,1.537706703,2023,9,263,0.1335,0.34410492534547754,-0.21060492534547753,0.023833860904895636,0.013575335958183108,-1.6673430534519043
2023-08-26,0.0102109689,12.74935621,0.2205342054,0.0,0.2205342054,2023,8,238,0.21024157418386286,0.2964136933665994,-0.08617211918273654,0.004695497338070739,0.00043069499428023775,-0.6756271593568381
2022-08-21,0.01017241698,16.17028643,3.088201104,0.0,3.088201104,2022,8,233,0.24783333333333335,0.2748650412643447,-0.02703170793101134,0.00884608147372507,8.051602376709738e-05,-0.2123837308179678
2024-07-04,0.01000096421,8.726545588,6.203461144,0.0,6.203461144,2024,7,186,0.38355718683352846,0.29361805855197104,0.08993912828155742,0.00876218249767386,0.0008827150533649293,0.7066071909592307
2024-07-30,0.009840020785,11.89170672,1.089680195,0.0,1.089680195,2024,7,212,0.3405,0.2975116090466029,0.042988390953397126,0.003892400736084581,8.871029742631578e-05,0.3369119175420517
2023-07-10,0.009809353222,15.2464742,1.603410276,0.0,1.603410276,2023,7,191,0.23248217812458913,0.2833701410306169,-0.05088796290602779,0.006567210392035274,0.0002108631535878529,-0.39935960222694694
2024-09-10,0.009792687538,9.034111277,9.433445475,0.0,9.433445475,2024,9,254,0.18308333333333335,0.28291489863980873,-0.09983156530647538,0.017911463243440208,0.0022648120136285954,-0.787972153511429
2023-09-17,0.009660789854,10.68588918,0.2464830874,0.0,0.2464830874,2023,9,260,0.14675,0.30486633852912365,-0.15811633852912366,0.004721523625450968,0.0014581864447628216,-1.2397175607531254
2022-08-24,0.009639217741,11.71893209,2.379703522,0.0,2.379703522,2022,8,236,0.23658333333333334,0.2945133933404847,-0.05793006000715137,0.0036954253216420273,0.0001528814363750468,-0.4539690303719144
2024-07-09,0.009585849746,17.97631798,0.005388259883,0.0,0.005388259883,2024,7,191,0.40716771735114626,0.2782808745343836,0.12888684281676266,0.012586252972331052,0.0026241092067498134,1.0145590077244544
2022-09-01,0.009503107532,16.32681999,0.5760014057,0.0,0.5760014057,2022,9,244,0.17635594299650256,0.28286365095280186,-0.1065077079562993,0.008658847201086603,0.0012230451774544657,-0.8367347031835831
2022-08-10,0.009489037611,17.36610247,0.09738802909,0.0,0.09738802909,2022,8,222,0.28984615384615386,0.28043153722578784,0.009414616620366023,0.011078214749546443,1.2286205821187954e-05,0.07405254311578406
2023-06-27,0.00937559717,11.73964717,9.310850501,0.0,9.310850501,2023,6,178,0.32575,0.2736941537520324,0.05205584624796761,0.017954859281219978,0.0006173404609894688,0.4108867113196169
2024-07-11,0.009365917475,19.15373446,0.630545616,0.0,0.630545616,2024,7,193,0.4188040735583004,0.2722553337875813,0.14654873977071908,0.015674926307351424,0.00425166662731842,1.1553967042895097
2022-08-17,0.009296873223,16.08934491,0.08581578732,0.0,0.08581578732,2022,8,229,0.26261659229104134,0.2855383536172732,-0.02292176132623186,0.008524380891811642,5.575211624878457e-05,-0.18006332971769484
2024-09-03,0.009189503059,13.31768951,0.7797658443,0.0,0.7797658443,2024,9,247,0.17338534413913004,0.29400117598447933,-0.1206158318453493,0.004697493751641041,0.0008441726251718519,-0.9456819020477633
2022-09-16,0.0091573797,7.308067576,0.9756056688,0.0,0.9756056688,2022,9,259,0.22299999999999998,0.3160561716290568,-0.09305617162905683,0.007688491005936038,0.0008273743122682212,-0.7307006229386358
2023-07-20,0.008902992886,13.65846723,3.693346048,0.0,3.693346048,2023,7,201,0.19802696277583562,0.28424616376890166,-0.08621920099306604,0.0058104208023954705,0.0005347413604479093,-0.6763752396402113
2023-06-04,0.008828128021,11.99387894,1.873895526,0.0,1.873895526,2023,6,155,0.34299999999999997,0.29615404433866693,0.04684595566133304,0.0038040946145571357,0.00010293726562276562,0.3671284469675496
2023-08-28,0.008820150089,15.27420705,0.0,0.0,0.0,2023,8,240,0.1786960851383829,0.28953279307704977,-0.11083670793866687,0.007344867601655717,0.0011205236800860008,-0.8701672461089983
2024-07-16,0.008770790994,16.93872477,0.6942391395,0.0,0.6942391395,2024,7,198,0.3669900157604643,0.2812259464789832,0.08576406928148111,0.009982445727263901,0.0009167027651758687,0.6742209476016847
2022-08-23,0.008764293017,13.40007362,19.45625544,0.0,19.45625544,2022,8,235,0.2541818181818182,0.2374034647758947,0.016778353405923485,0.08842500767560225,0.00036656888041095215,0.1374584513967703
2022-09-07,0.008667438013,13.34260203,0.1064534696,0.0,0.1064534696,2022,9,250,0.1470613358126009,0.29668831779638527,-0.14962698198378438,0.0052439985811279085,0.0014518303744054288,-1.1734644642755718
2024-08-18,0.008559821452,12.01229375,0.2295464277,0.0,0.2295464277,2024,8,231,0.16121832741687742,0.3014681813381536,-0.1402498539212762,0.004615081455291028,0.0011211628773324337,-1.0995758673837908
2024-07-12,0.008291508655,15.61632309,1.430505514,0.0,1.430505514,2024,7,194,0.4156842298513376,0.28462835647760726,0.13105587337373037,0.007409861241123193,0.0015807011057072994,1.0289394560701104
2022-08-25,0.008271174019,11.47929471,11.38108373,0.0,11.38108373,2022,8,237,0.2374166666666667,0.26991292842548276,-0.032496261758816064,0.027333932258437457,0.00037334299563689154,-0.2577328830693236
2022-08-11,0.008216788881,17.29612185,0.2083569765,0.0,0.2083569765,2022,8,223,0.3173973159136466,0.28213618962547743,0.03526112628816919,0.011074357545866368,0.00017228610047139968,0.2773528745503175
2024-07-14,0.008133862543,16.11104546,0.8390635252,0.0,0.8390635252,2024,7,196,0.33495673191179987,0.2847891732876173,0.05016755862418254,0.008390587109155662,0.00026279894600914533,0.3940678067885442
2024-08-25,0.008062508346,6.105564372,1.431810856,0.0,1.431810856,2024,8,238,0.25985714285714284,0.3207215010613094,-0.06086435820416658,0.009695120697453818,0.00044813420352604795,-0.4784063083910474
2023-06-03,0.008009381731,10.12637863,0.9610533713,0.0,0.9610533713,2023,6,154,0.34314285714285714,0.3071043898161026,0.03603846732675453,0.004504033804414712,7.2230708334877e-05,0.2825301959426607
2022-08-18,0.008001641829,17.08862775,0.0417560338,0.0,0.0417560338,2022,8,230,0.2868164983494628,0.28372504401109166,0.003091454338371158,0.01074201099278841,1.2836858344578935e-06,0.024312317766566064
2024-08-28,0.007907265408,1.586452738,28.3941865,23.82070944,4.57347706,2024,8,241,0.2333333333333333,0.44851268792050214,-0.21517935458716883,0.5470783413377711,1.5110232981730345,-2.500963573558215
2023-06-08,0.007837796375,15.15128288,0.2016156911,0.0,0.2016156911,2023,6,159,0.347125,0.2907550738466995,0.0563699261533005,0.00716437647171016,0.00028260851560598076,0.4425140868185003
2024-07-07,0.007808169281,13.31667544,0.02038478851,0.0,0.02038478851,2024,7,189,0.5352471402018917,0.298249765606355,0.23699737459553666,0.0054011968797432666,0.0037527344133375514,1.8588223221294922
2024-08-01,0.007739326958,16.53285688,0.002131228143,0.0,0.002131228143,2024,8,214,0.33111107164360065,0.2863032604770289,0.04480781116657173,0.009657077825613324,0.0002419070928255999,0.35219179877645107
2024-07-17,0.007699825752,17.74865367,1.931488514,0.0,1.931488514,2024,7,199,0.452215484557021,0.27590882245335574,0.17630666210366525,0.012249713717765905,0.00477568500162999,1.3875973171421427
2023-07-30,0.007661324356,14.74811897,2.574175596,0.0,2.574175596,2023,7,211,0.156321392072551,0.28529243508274343,-0.12897104301019244,0.006505709579219786,0.001341575014264778,-1.0121102766359535
2023-08-29,0.007610893238,16.13113047,0.002574920643,0.0,0.002574920643,2023,8,241,0.15797582357282589,0.28799272124210257,-0.13001689766927668,0.008920244330626654,0.0018785629575201466,-1.0215598293177783
2023-06-13,0.007552811431,13.57381337,2.317231979,0.0,2.317231979,2023,6,164,0.3275,0.29064418115326834,0.03685581884673167,0.005007151611691233,8.406777798633908e-05,0.28901101504560206
2023-09-02,0.007471830515,11.81657054,0.000841,0.0,0.000841,2023,9,245,0.15827611068990288,0.30442267526904837,-0.1461465645791455,0.004921638968019806,0.0012990893615585236,-1.145983277127597
2023-06-21,0.007411235033,1.055134074,5.064684153,4.182478413,0.8822057395,2023,6,172,0.47150000000000003,0.3633995007258259,0.10810049927417414,0.032803211062522215,0.00501428116131748,0.859782471952187
2022-09-28,0.007388634628,11.06124776,0.000435,0.0,0.000435,2022,9,271,0.17840374698397976,0.307381585360985,-0.12897783837700522,0.005004938710877871,0.0010290908522499914,-1.0113999824883293
2023-09-03,0.007308843553,12.16414159,2.156275511,0.0,2.156275511,2023,9,246,0.16766666666666666,0.2967784126146316,-0.12911174594796496,0.004085995684910266,0.0008403348005362333,-1.0119828314213453
2023-07-17,0.007236849795,14.98155619,2.139347792,0.0,2.139347792,2023,7,198,0.19419999999999998,0.28633232735357356,-0.09213232735357357,0.006734567634148341,0.0007090384326182703,-0.7230988845488631
2022-07-01,0.007215027725,10.33621305,3.815375642,0.0,3.815375642,2022,7,182,0.5649431806854094,0.2987327059190968,0.2662104747663126,0.00488742384279209,0.004280085745800245,2.08740799640141
2023-09-21,0.007211266794,2.514098104,1.267451048,0.8614249527,0.406026095,2023,9,264,0.6229841630151065,0.3428910743232624,0.2800930886918441,0.020002454712042334,0.01999423175473337,2.213136542145679
2023-06-01,0.007188382635,8.092129644,3.684231639,0.0,3.684231639,2023,6,152,0.3427142857142857,0.30761101370893584,0.03510327200534985,0.006391509234456301,9.7619065856293e-05,0.2754598220331884
2022-09-06,0.007152635479,10.14096031,0.002137226375,0.0,0.002137226375,2022,9,249,0.18076394829538933,0.3111683380391809,-0.1304043897437916,0.005426029449666946,0.0011414555580859446,-1.0228029616951109
2022-08-13,0.007062992442,17.57880618,0.5406815689,0.0,0.5406815689,2022,8,225,0.29326452698772465,0.281674368415329,0.011590158572395648,0.011847773233013194,1.9945016404759007e-05,0.09120019382699512
2023-06-24,0.00699220221,10.16998889,1.630702615,0.0,1.630702615,2023,6,175,0.333,0.3063234440919525,0.026676555908047517,0.004278963303164748,3.7582817149976374e-05,0.2091121310965857
2022-09-09,0.006939436768,3.409859594,7.912072539,3.776319325,4.135753214,2022,9,252,0.1992857142857143,0.34324377401126155,-0.14395805972554726,0.021753666247489246,0.005764671826775392,-1.1384925168320705
2022-08-22,0.006928206262,15.33691495,1.589375734,0.0,1.589375734,2022,8,234,0.26700699044200066,0.28710227405131195,-0.020095283609311287,0.0072248873770159585,3.622298320914115e-05,-0.15775640809545574
2024-08-19,0.006839233715,14.62617391,0.9001195431,0.0,0.9001195431,2024,8,232,0.256108005155083,0.291999572750625,-0.03589156759554202,0.006283796590292558,0.00010031106596917436,-0.2816304126526833
2024-06-15,0.006806146305,4.251900609,4.564818756,1.653820276,2.910998479,2024,6,167,0.46644773435227466,0.3332877690948498,0.13315996525742485,0.012900503850323658,0.0028727562279723543,1.0483625978639568
2024-07-03,0.006786701812,6.828659312,10.98614931,0.0,10.98614931,2024,7,185,0.36100000000000004,0.2906863693145352,0.07031363068546487,0.026737880937741897,0.0017077056209844716,0.5574974993807766
2023-06-26,0.006725791348,10.20267639,1.488030151,0.0,1.488030151,2023,6,177,0.3569382629258977,0.30700762160077805,0.04993064132511965,0.00433907907934714,0.00013352898466417864,0.39140802324514806
2023-06-29,0.006705663911,13.14771487,2.60669589,0.0,2.60669589,2023,6,180,0.3245,0.29255026187782657,0.03194973812217344,0.004917986669593426,6.203986108052284e-05,0.25052794439031584
2023-09-18,0.006687134344,8.20991478,1.946613193,0.0,1.946613193,2023,9,261,0.14400000000000002,0.3131612098184841,-0.1691612098184841,0.0059347531361022615,0.002103008645809348,-1.3271244407793505
2024-07-13,0.006666363613,15.11988093,0.1349151134,0.0,0.1349151134,2024,7,195,0.4534241339345433,0.29271472528823056,0.16070940864631272,0.007362200762096672,0.0023614310024752255,1.261723548992104
2024-07-31,0.006599096282,13.13536669,0.02488791932,0.0,0.02488791932,2024,7,213,0.32657142857142857,0.30060910557634496,0.02596232299508361,0.0054436877751420105,4.5392924685535026e-05,0.20363253598173986
2022-09-05,0.006583855717,13.01680272,0.2765392662,0.0,0.2765392662,2022,9,248,0.20072727272727275,0.3003099778865237,-0.09958270515925094,0.00516762205031371,0.000633614891168146,-0.7809572737996805
2024-08-22,0.006567366929,8.965033468,0.3062959997,0.0,0.3062959997,2024,8,235,0.218125,0.31548404279108355,-0.09735904279108354,0.006133287766176028,0.0007202052101282323,-0.76388948715131
2023-06-23,0.006558087453,7.305250422,0.8340819448,0.0,0.8340819448,2023,6,174,0.5214692357647123,0.3201332007207967,0.20133603504391556,0.007917826247366365,0.003990435676682897,1.5811242477270513
2024-07-05,0.006530514946,10.78643188,0.1559078693,0.0,0.1559078693,2024,7,187,0.5605594933581755,0.3091420216782813,0.25141747167989414,0.005011023859407976,0.003915141457413031,1.971535631439976
2023-08-15,0.006429917679,18.58183886,0.0,0.0,0.0,2023,8,227,0.15367851859027593,0.28043340235885017,-0.12675488376857424,0.014848368008259921,0.0030079359165372595,-0.9989217540388406
2024-07-15,0.006414891999,16.22215741,0.05427896976,0.0,0.05427896976,2024,7,197,0.37794211565227753,0.289165568903683,0.08877654674859453,0.009278850959921668,0.000911705222651736,0.6976552086652686
2022-08-02,0.006404942541,16.25462812,0.3538578748,0.0,0.3538578748,2022,8,214,0.3458818065082344,0.28814491867429376,0.05773688783394065,0.009176889573822615,0.0003813086064972255,0.4537050539477337
2022-06-04,0.006388933287,4.107621765,2.023755554,0.0,2.023755554,2022,6,155,0.6166897353194268,0.3287750155590072,0.28791471976041966,0.014469861329557174,0.015111894156201604,2.2685440891466833
2023-06-22,0.006381603639,2.699688212,1.808088165,0.01052767038,1.797560494,2023,6,173,0.333,0.3348235368768772,-0.0018235368768771965,0.01909937875026993,8.077276295785402e-07,-0.014401918729330172
2022-07-14,0.006340748658,14.36042239,0.001513957976,0.0,0.001513957976,2022,7,195,0.45345003857801225,0.2964333026875449,0.15701673589046733,0.006556470954847333,0.002004205626890195,1.2322325098080704
2022-09-30,0.006261180336,6.859617488,2.671390772,0.0,2.671390772,2022,9,273,0.16944444444444443,0.3166289609632563,-0.1471845165188119,0.007931485087485713,0.0021362990433114776,-1.1558716249193555
2024-08-29,0.006235300702,2.683122253,0.5079388617,0.01673027873,0.491208583,2024,8,242,0.502900352103743,0.3391004805802663,0.16379987152347664,0.02055813456556822,0.007035907269545361,1.2946206656619696
2022-07-31,0.006190930319,17.07551028,0.5395650864,0.0,0.5395650864,2022,7,212,0.39623675474793146,0.28479070347231095,0.11144605127562052,0.010862372880354361,0.0016873580513745603,0.8765054768731286
2022-09-08,0.006190744826,8.237427012,2.704389921,0.0419691205,2.662420801,2022,9,251,0.1972,0.31178353170311435,-0.11458353170311436,0.005877166317834862,0.0009554300731413675,-0.8989188545767425
2022-08-12,0.006113453539,17.33880641,0.7206896934,0.0,0.7206896934,2022,8,224,0.32239497251582505,0.2833569696273346,0.039038002888490464,0.011447521769908544,0.00021845089064207943,0.30711854213920253
2023-06-25,0.006065928176,9.208945847,5.778062992,0.0,5.778062992,2023,6,176,0.32825000000000004,0.2986026081665983,0.02964739183340176,0.008314217652669143,9.093117823050169e-05,0.23287226113815235
2022-08-03,0.006037248618,15.00971947,0.7453352213,0.0,0.7453352213,2022,8,215,0.34076923076923077,0.292149867832014,0.04861936293721675,0.007012427269701804,0.00020571496561759187,0.38164156455196435
2023-09-19,0.005997979256,1.737612661,3.453069925,0.8414685726,2.611601353,2023,9,262,0.6823333333333333,0.34069079663720725,0.3416425366961261,0.020537061659220684,0.03057544481948972,2.7002019365178804
2022-07-15,0.005970186081,16.29297218,0.1680329539,0.0,0.1680329539,2022,7,196,0.4806283140767105,0.2891746959734137,0.1914536181032968,0.009438475994277478,0.004314522501582416,1.5046696494821796
2022-07-26,0.005961851224,12.46873182,0.9468434591,0.0,0.9468434591,2022,7,207,0.34941666666666665,0.3012000821113744,0.04821658455529226,0.0045923654413733824,0.00013185421241489932,0.37801955826880895
2023-06-02,0.005914847401,7.738222377,1.434547957,0.0,1.434547957,2023,6,153,0.34285714285714286,0.3175752982886064,0.025281844568536438,0.006852933168200768,5.4341734727538264e-05,0.1984359182220908
2023-09-30,0.005811365342,-0.9999266307,9.026794621,8.901771158,0.1250234633,2023,9,273,0.5355000000000001,0.3994761735793883,0.13602382642061178,0.09118804555379209,0.024996916346170437,1.1160824584756692
2022-08-26,0.005801588909,12.12994728,2.611488104,0.0,2.611488104,2022,8,238,0.2285,0.2976286744010622,-0.06912867440106221,0.004483537379533075,0.0002645495192303564,-0.5419413841054004
2024-08-21,0.005779951755,9.396976089,3.945141596,0.0,3.945141596,2024,8,234,0.21885714285714286,0.30387774199846884,-0.08502059914132598,0.0056647509437537874,0.000506792393848666,-0.6669235507573407
2024-09-02,0.005685134923,15.55642217,0.7089912891,0.0,0.7089912891,2024,9,246,0.2180911601026931,0.2906964853899141,-0.072605325287221,0.007946816209862085,0.0005208669791019375,-0.5701896216108326
2023-06-06,0.005614342606,11.18264542,1.748826644,0.0,1.748826644,2023,6,157,0.33325,0.30408143201415894,0.029168567985841054,0.004196201685573305,4.405605742738911e-05,0.22863700855598662
2022-07-02,0.005602748682,10.1829951,6.150186062,0.0,6.150186062,2022,7,183,0.5569720619561581,0.2944529466676795,0.2625191152884786,0.008866171382200055,0.00761132038750928,2.062590877339052
2022-07-18,0.005546626267,11.22361526,7.4672997,0.0,7.4672997,2022,7,199,0.3923,0.2866054160276728,0.10569458397232717,0.012432490912472598,0.0017425957381310684,0.8319316508063951
2022-08-04,0.005340232361,12.7730938,3.849659376,0.0,3.849659376,2022,8,216,0.3376923076923077,0.2920835267477376,0.045608780944570104,0.005954753185436156,0.00015339634238971015,0.3578192475702588
2024-08-27,0.005327741817,9.495693461,1.706808805,0.0,1.706808805,2024,8,240,0.24712499999999998,0.31095609312447525,-0.06383109312447527,0.004892405612580348,0.00024632787165690585,-0.5005132418048689
2022-08-01,0.005272863009,18.73036346,0.1696705095,0.0,0.1696705095,2022,8,213,0.35855435932152263,0.28097620125364825,0.07757815806787438,0.015502452003956859,0.0011779223493996092,0.6115760292039268
2023-06-05,0.005271367937,13.71582883,0.6589621304,0.0,0.6589621304,2023,6,156,0.34982346382171425,0.29835135859578304,0.05147210522593121,0.005681563545737819,0.00018630622379371087,0.403763908367729
2022-08-27,0.005129730732,10.47373416,10.73274016,0.0,10.73274016,2022,8,239,0.21971428571428572,0.2800638664620848,-0.060349580747799086,0.02473971415089232,0.001159227644979107,-0.47800484430222084
2022-07-30,0.005124801242,17.34657567,1.286206202,0.0,1.286206202,2022,7,211,0.39488957078878034,0.28298810376125116,0.11190146702752918,0.011711761095457959,0.0018373552183837778,0.8804653653637441
2024-08-20,0.00506009705,12.22714195,0.728673177,0.0,0.728673177,2024,8,233,0.24416666666666667,0.30403455445075767,-0.059867887784090995,0.004767317385976386,0.0002110956555704727,-0.4694073997162563
2022-07-23,0.005051090354,12.60115903,1.121639554,0.0,1.121639554,2022,7,204,0.35414285714285715,0.3014433550499797,0.05269950209287744,0.004753960243365198,0.00016310762703415014,0.41319931533004295
2024-09-28,0.005041097326,6.65368042,-7.9e-06,0.0,0.0,2024,9,272,0.5737956924780386,0.3272462704369005,0.2465494220411381,0.010171179374641482,0.007721927458137612,1.9383948694201978
2024-09-14,0.005006671174,5.724458949,4.086452722,0.0,4.086452722,2024,9,258,0.1831111111111111,0.3183438639012022,-0.13523275279009106,0.010821624188113757,0.002474990940682367,-1.0635621958241175
2024-07-06,0.004970457627,11.70545095,1.266669908,0.0,1.266669908,2024,7,188,0.381225618467845,0.30448381907170263,0.07674179939614234,0.0044344585317129025,0.00032242704095552854,0.6016104344761875
2024-09-07,0.004904404032,16.00958277,0.0,0.0,0.0,2024,9,251,0.2030705012574969,0.29224311566642824,-0.08917261440893134,0.009250652015130778,0.0009170106288756977,-0.7007577546339173
2023-09-22,0.004869818111,5.805578486,0.3195047378,0.0,0.3195047378,2023,9,265,0.4242374673414485,0.32970301618954223,0.09453445115190628,0.011601569923032769,0.001298672064262754,0.7437763997549695
2022-06-26,0.00483608633,7.722070948,0.00429153431,0.0,0.00429153431,2022,6,177,0.6032752613015746,0.3235009171949548,0.27977434410661983,0.008272083290382575,0.008055865565336781,2.1975052800923187
2024-06-21,0.004784734808,6.235759354,0.5034318118,0.0,0.5034318118,2024,6,173,0.44034742284752754,0.3276436113759616,0.11270381147156594,0.010430303223009299,0.0016555716546483791,0.8862040286175997
2023-07-02,0.004773315619,10.89249636,0.4723221064,0.0,0.4723221064,2023,7,183,0.33411815795209293,0.3102369785600675,0.023881179392025442,0.004933369643354424,3.477102478617743e-05,0.1872612853729238
2024-09-25,0.004764937921,11.1625356,0.0,0.0,0.0,2024,9,269,0.06018449049011756,0.31067142231826256,-0.250486931828145,0.005303030203001289,0.004115089387801737,-1.9645269275404005
2023-08-10,0.004755301366,9.206976827,5.275571346,0.0,5.275571346,2023,8,222,0.148375,0.30197349703729054,-0.15359849703729053,0.0077210571339063295,0.0022638610323741947,-1.2061140838879532
2023-09-07,0.004749652589,5.553306198,1.055377722,0.0,1.055377722,2023,9,250,0.2023209557331067,0.3285788297480427,-0.126257874014936,0.01141907168724602,0.0022792391940160326,-0.9932776618791294
2023-06-07,0.004743807435,13.25929349,0.2922296523,0.0,0.2922296523,2023,6,158,0.4253833456541007,0.3019235172349977,0.12345982841910297,0.005628566793138332,0.0010617407844272042,0.9684331780862638
2022-07-17,0.004728880488,14.76634305,5.064511299,0.0,5.064511299,2022,7,198,0.3631278511929028,0.2817404749822038,0.08138737621069903,0.010488060010833961,0.0008682280198386041,0.6399776960406723
2024-07-02,0.004727484081,8.280222829,3.161430359,0.0,3.161430359,2024,7,184,0.35860000000000003,0.3119375795272624,0.04666242047273761,0.0062556594918640705,0.00016878152490167294,0.36614089508155984
2023-09-13,0.004642039391,8.365371958,0.6411999463,0.0,0.6411999463,2023,9,256,0.1355,0.3194125774188019,-0.1839125774188019,0.006698943449441394,0.002810179068394166,-1.4434086127297074
2024-06-19,0.004588422136,0.7732203166,1.870840788,0.7950700819,1.075770706,2024,6,171,0.6500556182370542,0.350733617519473,0.29932200071758114,0.02568336561623699,0.029661669725811156,2.371957433943653
2023-09-06,0.004577684849,6.240001297,7.327973843,0.0,7.327973843,2023,9,249,0.16275,0.30713190290125986,-0.14438190290125985,0.01527904439622485,0.004019406879716978,-1.1380844293006231
2024-09-17,0.004561318842,8.502395248,2.064168453,0.0,2.064168453,2024,9,261,0.3380301437117574,0.314676131467444,0.023354012244313382,0.005847407840524868,3.9486342720879035e-05,0.18321173574888885
2024-09-15,0.004467911302,4.565500514,1.261481834,0.0,1.261481834,2024,9,259,0.19883333333333333,0.33206100111574377,-0.13322766778241044,0.013793196803379166,0.003080238974120372,-1.0493702282642343
2023-06-30,0.004466447979,12.94879621,3.415167977,0.0,3.415167977,2023,6,181,0.3644576501222139,0.2939679860705561,0.07048966405165785,0.005863048613574395,0.00036070200788749276,0.5529942846669197
2024-08-30,0.004458229898,7.234841919,0.0,0.0,0.0,2024,8,243,0.21861538461538463,0.3258752822111419,-0.1072598975957573,0.009122606038331304,0.0013080382727555077,-0.8428411442909179
2023-08-14,0.004448226153,17.23463211,0.0,0.0,0.0,2023,8,226,0.16837002853656005,0.2882728346284936,-0.11990280609193357,0.011885687171204634,0.0021415845529427196,-0.9435046877617009
2022-07-29,0.00442728501,20.18051936,0.5083143697,0.0,0.5083143697,2022,7,210,0.35033333333333333,0.2756723517269131,0.07466098160642021,0.020380743206874108,0.0014486364114639802,0.5900425741096338
2022-09-19,0.004411776578,5.421753184,4.215574684,2.317242324,1.89833236,2022,9,262,0.19419999999999998,0.33866620632951305,-0.14446620632951307,0.0125076484734518,0.0032757242733486573,-1.1371498762052257
2022-09-18,0.004388895518,5.891647593,0.000858,0.0,0.000858,2022,9,261,0.22549999999999998,0.3310223655337853,-0.1055223655337853,0.011857817588254388,0.0016547086606826032,-0.8303345498894082
2024-09-26,0.004378195421,7.034567134,6.627470255,0.06663054228,6.560839713,2024,9,270,0.5736689315523461,0.3070944752459434,0.2665744563064027,0.012222238129582844,0.01089270977234372,2.098008387662362
2024-06-20,0.004374897663,3.970417277,0.3519982099,0.0,0.3519982099,2024,6,172,0.3683806248679665,0.3371996202083688,0.031181004659597722,0.016528223457779025,0.00020330553291858524,0.24593903456038751
2022-09-10,0.004362331418,7.170383708,0.000858,0.0,0.000858,2022,9,253,0.1921877917266877,0.3262492675337802,-0.1340614758070925,0.009244456865151124,0.0020712045282699036,-1.0535109425240188
2024-09-24,0.004344044587,8.820564524,0.000852,0.0,0.000852,2024,9,268,0.28469569215018903,0.3200673391284808,-0.03537164697829176,0.006855996630815583,0.00010642001757540824,-0.2776306947690517
2022-09-17,0.004336788048,4.398165639,0.6809631512,0.0,0.6809631512,2022,9,260,0.22449999999999998,0.3346419297969489,-0.11014192979694892,0.01484908268965669,0.0022712559225317643,-0.8679997672927551
2024-08-26,0.004320175429,8.770482,0.0,0.0,0.0,2024,8,239,0.23132233919783904,0.3202917142632522,-0.08896937506541316,0.006916080825714927,0.0006792597131543162,-0.6983383228672432
2022-09-24,0.004311279964,4.707187271,0.02427653772,0.0,0.02427653772,2022,9,267,0.14439305715697962,0.33551520561146947,-0.19112214845448985,0.014843843099948704,0.006836358942482078,-1.5061797040561855
2022-06-20,0.004293669293,5.229751205,3.344103694,0.0,3.344103694,2022,6,171,0.5618152432030206,0.3234629824877264,0.23835226071529414,0.011605064555507303,0.008258319957449089,1.8753068071002603
2022-06-27,0.004290021636,11.43365377,0.2144366503,0.0,0.2144366503,2022,6,178,0.5963732823295161,0.309662669415276,0.28671061291424016,0.005151535713312976,0.005235727097965377,2.2484519576387796
2022-08-06,0.004277614557,9.181228892,1.328995824,0.0,1.328995824,2022,8,218,0.3711782935458513,0.3147584356842971,0.05641985786155418,0.005431589328397231,0.00021388887479429922,0.4425200649207369
2022-07-22,0.004271358085,14.58939323,4.224336096,0.0,4.224336096,2022,7,203,0.3115754016430849,0.2856049068292309,0.025970494813853995,0.008881312440559596,7.461959434368391e-05,0.2040495785736897
2022-07-10,0.004254153561,10.07228622,0.8702617726,0.0,0.8702617726,2022,7,191,0.39585714285714285,0.3128364923925768,0.08302065046456603,0.005055880528546478,0.0004307629114846402,0.6510361395503925
2024-07-08,0.004226500898,17.25875053,0.0,0.0,0.0,2024,7,190,0.4984766252741447,0.2884922150117539,0.20998441026239079,0.01200033135717999,0.006633158306222846,1.652444811175391
2023-09-08,0.004189153355,8.126788712,0.9781420231,0.0,0.9781420231,2023,9,251,0.13524999999999998,0.31991725657838,-0.18466725657838,0.00679572533003954,0.0028747830003186207,-1.4494022047569879
2022-06-25,0.004187589205,4.322362518,0.197699666,0.006701797247,0.1909978687,2022,6,176,0.4373952533875422,0.33666182731472477,0.10073342607281743,0.015694060185466877,0.0020113559218511118,0.7941944768298207
2022-08-05,0.004167354937,7.4808225,3.236806393,0.0,3.236806393,2022,8,217,0.3438181818181818,0.31549853343071554,0.028319648387466256,0.007388764966726256,7.359627086081607e-05,0.22233947402639997
2022-07-16,0.004163584992,15.85342687,1.224538684,0.0,1.224538684,2022,7,197,0.3858886986897897,0.29013710166963885,0.09575159702015085,0.008766455531340294,0.0010009922649506597,0.7522745008249623
2022-07-07,0.004145275211,11.52094739,3.517131514,0.0,3.517131514,2022,7,188,0.3848,0.299477805306772,0.08532219469322799,0.005264839271550333,0.0004739808891275015,0.6691547940563118
2024-09-16,0.004133973945,7.200552241,0.08113384174,0.0,0.08113384174,2024,9,260,0.45193337954925183,0.32621067087226097,0.12572270867699087,0.00910974751293185,0.0017945241302131968,0.9879142762785597
2022-07-25,0.00409435239,15.22305196,3.375270963,0.0,3.375270963,2022,7,206,0.33053097019387323,0.2860547963140709,0.04447617387980235,0.008868565045461975,0.00021853062593597857,0.3494460248263993
2022-07-24,0.004081981854,15.2149133,0.7995989894,0.0,0.7995989894,2022,7,205,0.44351503760116645,0.29394737170413604,0.1495676658970304,0.007752477589214043,0.002155472676041828,1.1744810528054161
2023-09-12,0.004072115347,10.73256454,1.195713878,0.0,1.195713878,2023,9,255,0.19238419648737629,0.30961608768802545,-0.11723189120064917,0.004668645852372114,0.0007925263660993613,-0.9191369784961196
2023-07-01,0.004064570529,14.2000646,2.314063318,0.0,2.314063318,2023,7,182,0.292,0.2931767374838688,-0.0011767374838688172,0.0064895559705537564,1.1140274711336106e-07,-0.009234463723626598
2024-06-25,0.00406250612,7.150478617,0.07083415985,0.0,0.07083415985,2024,6,177,0.6046567384532735,0.32653035907071815,0.27812637938255536,0.009218558751190858,0.008889110041087462,2.18560442364261
2024-06-13,0.004053666256,4.503481801,0.04070699106,0.0,0.04070699106,2024,6,165,0.6329387308083875,0.33659174846208123,0.29634698234630624,0.015408152771628849,0.01708070294755382,2.3360960864725753
2024-09-04,0.003995466449,11.95917473,0.0874876975,0.0,0.0874876975,2024,9,248,0.21141442981817304,0.3084844182946134,-0.09706998847644038,0.005353738664615596,0.0006239595427788966,-0.7613230189474587
2022-09-22,0.003982020987,7.832063293,0.000852,0.0,0.000852,2022,9,265,0.12823301249004512,0.3242921366479369,-0.19605912415789176,0.008193355870865532,0.003917856495699017,-1.5398976699667242
2023-08-12,0.003947486267,11.33213577,1.706802845,0.0,1.706802845,2023,8,224,0.14825,0.3059783637754507,-0.1577283637754507,0.004519420071943822,0.0013883639818629166,-1.2365500869821802
2022-07-21,0.003892610923,15.10737063,0.01584168962,0.0,0.01584168962,2022,7,202,0.4537797754149842,0.29700384314941375,0.15677593226557046,0.008005782768769207,0.002446870138793159,1.2312411788357116
2024-06-08,0.003873381235,4.305272039,0.0906586647,0.0,0.0906586647,2024,6,160,0.6773035207469967,0.3374373705694544,0.33986615017754235,0.01591894328122118,0.023234585657091023,2.6798518550982093
2023-09-14,0.003832092721,7.876151657,0.001722574154,0.0,0.001722574154,2023,9,257,0.1824518349801869,0.3243333281535304,-0.14188149317334348,0.008143170085801869,0.0020389831956040922,-1.1143447377782378
2022-07-08,0.00378479451,11.40330276,2.121843404,0.0,2.121843404,2022,7,189,0.4064,0.30467411718254234,0.10172588281745765,0.004580217065683395,0.0005853330903617003,0.7975292938572708
2024-08-31,0.003769320154,12.59924596,0.002148747342,0.0,0.002148747342,2024,8,244,0.37153602882888853,0.3066528529143769,0.06488317591451165,0.005668937821695178,0.0002953727971776149,0.5089614705877937
2024-06-07,0.003758767491,4.576064682,0.2606689929,0.03781542182,0.2228535711,2024,6,159,0.6145947296144831,0.3363671280962836,0.27822760151819953,0.014887865743906926,0.014532092267080424,2.1926821840529724
2024-09-19,0.003742782284,7.614057795,0.3777743509,0.0,0.3777743509,2024,9,263,0.17737050358261405,0.3242988317917278,-0.14692832820911375,0.008121556508207815,0.0021807207558932995,-1.15397027355894
2022-07-19,0.003742779765,11.84321683,1.413464546,0.0,1.413464546,2022,7,200,0.3883935690951243,0.30523553606125636,0.08315803303386793,0.004672414531728317,0.0003991023797176659,0.6519878434144984
2022-07-13,0.003728065647,15.89469744,3.724950897,0.0,3.724950897,2022,7,194,0.397,0.28297553328901326,0.11402446671098676,0.010705059059030422,0.0017402041777811596,0.8967129999803103
2022-07-27,0.00371751354,15.39671733,0.4337966442,0.0,0.4337966442,2022,7,208,0.3655326676289682,0.2948873392975416,0.07064532833142662,0.008259814678153798,0.0005128708230461798,0.5548847671234935
2022-07-09,0.003701258506,11.04769986,2.458811904,0.0,2.458811904,2022,7,190,0.3954285714285714,0.3051023346612344,0.09032623676733703,0.004661547326070636,0.00046976751628610946,0.7081851827418794
2022-08-31,0.003693126212,17.27297554,0.04133557328,0.0,0.04133557328,2022,8,243,0.17489456140118126,0.2890587930198079,-0.11416423161862665,0.012158273059190674,0.001987119069082042,-0.8984722844015645
2022-07-20,0.0036792739,14.35576337,1.120376819,0.0,1.120376819,2022,7,201,0.381,0.29676550217837516,0.08423449782162484,0.006589014650118264,0.0005797078150895151,0.6610644796785392
2023-09-09,0.003663082982,8.310851034,0.5460321903,0.0,0.5460321903,2023,9,252,0.17128080491430211,0.3212766984087456,-0.1499958934944435,0.006979711376688727,0.0019487071362936912,-1.17738532585787
2023-08-11,0.003627881324,9.509216563,0.1156568527,0.0,0.1156568527,2023,8,223,0.14825,0.3181287960432918,-0.1698787960432918,0.006162498509146377,0.002203286794548053,-1.332906833555925
2023-08-13,0.003572281982,12.53561745,0.7408857345,0.0,0.7408857345,2023,8,225,0.15365016441607732,0.304917832917414,-0.15126766850133666,0.005177891646039509,0.0014649437327344987,-1.186292294085069
2022-07-28,0.003530013288,17.75237045,0.0329375265,0.0,0.0329375265,2022,7,209,0.3648266325841413,0.28750915135817073,0.07731748122597054,0.013380085207799394,0.0010054978255024907,0.6088650832371089
2022-09-23,0.003524026385,5.561341222,0.1438524842,0.0,0.1438524842,2022,9,266,0.1784,0.3330389866472081,-0.1546389866472081,0.012508273528231813,0.0037534881131769116,-1.2172241844201657
2022-08-08,0.003504466418,16.93419228,0.007465481758,0.0,0.007465481758,2022,8,220,0.3365114069611791,0.29070022051728023,0.045811186443898866,0.011457548700674565,0.0003011000024173638,0.3604061454845809
2022-08-09,0.003495715218,16.5414374,0.08553169778,0.0,0.08553169778,2022,8,221,0.35017227093037023,0.29195213074447085,0.05822014018589938,0.010581862002658225,0.00044834823906394924,0.45782723407435283
2022-09-02,0.003437473779,16.09405416,0.005831037413,0.0,0.005831037413,2022,9,245,0.19973499702739958,0.29395926182324683,-0.09422426479584725,0.009765866015506846,0.001081999618078609,-0.7406484553347071
2024-09-18,0.003436790286,7.744276937,1.151719689,0.0,1.151719689,2024,9,262,0.28027641373223927,0.3218797614105304,-0.0416033476782911,0.0073144579467152564,0.00015721063674734465,-0.32661847007279304
2022-08-07,0.003353302617,14.04511223,0.000838,0.0,0.000838,2022,8,219,0.36720407211851136,0.30179974324004344,0.06540432887846792,0.006821112741495621,0.00036197608088307657,0.5133470427715819
2022-06-12,0.003340565374,4.53539238,1.989623904,0.0,1.989623904,2022,6,163,0.5597650521106409,0.3315332933027936,0.2282317588078473,0.013522489769246637,0.008857293881069714,1.7974250625603583
2022-09-21,0.0033397709,4.787564214,0.0,0.0,0.0,2022,9,264,0.31966196903770466,0.3366455507090736,-0.01698358167136893,0.014717797087431168,5.3511449962445995e-05,-0.1338342517565138
2022-09-25,0.003317301526,6.814428584,0.000435,0.0,0.000435,2022,9,268,0.17791739905942988,0.32905114978875394,-0.15113375072932406,0.010007229142838154,0.0028539038339029555,-1.1881294454109217
2024-09-01,0.003302305499,14.68109538,0.002238154366,0.0,0.002238154366,2024,9,245,0.24460076724435223,0.2994744115866063,-0.054873644342254085,0.007571433912547942,0.00028325256241704377,-0.4308563382257389
2022-07-12,0.003254375716,15.56313222,0.02510845655,0.0,0.02510845655,2022,7,193,0.398,0.29615381306579786,0.10184618693420217,0.008867682166514219,0.0011457846719608495,0.8001976386903051
2022-09-27,0.003175378259,11.1397892,0.000426,0.0,0.000426,2022,9,270,0.17339384502140529,0.3129788648038585,-0.13958501978245322,0.005573655911493841,0.0013438139751071128,-1.0948908143321545
2022-08-29,0.00313645659,9.566796239,0.0,0.0,0.0,2022,8,241,0.21928571428571428,0.3189517620144904,-0.0996660477287761,0.0063167133095681565,0.0007776000599378414,-0.7820626663062615
2023-09-11,0.003130262294,10.76827265,0.000417,0.0,0.000417,2023,9,254,0.1688333333333333,0.3144395341447501,-0.1456062008114168,0.005664800595958694,0.001486433062045453,-1.1421726953555176
2024-06-06,0.003053814833,3.263720449,0.000852,0.0,0.000852,2024,6,158,0.4975638480721229,0.34277517471426694,0.15478867335785595,0.019375428659753485,0.005907323434541031,1.2226611220483536
2022-07-11,0.003038558508,11.04206874,0.0167787075,0.0,0.0167787075,2022,7,192,0.47481097871079847,0.31348801455730085,0.16132296415349762,0.005599418731769517,0.0018033466165843079,1.2654174489610932
2022-09-20,0.003028349027,1.029011027,0.6300806999,0.4314668477,0.1986138523,2022,9,263,0.4603731681377716,0.35279099095546357,0.10758217718230806,0.02653769268903899,0.003966177573097747,0.8529018751147452
2023-09-16,0.002986052894,10.9849926,0.0,0.0,0.0,2023,9,259,0.18738553840490602,0.3138272565421169,-0.1264417181372109,0.005636845050156147,0.0011153044702562644,-0.9918275945798701
2022-08-28,0.00294870175,6.900308228,0.26063025,0.0,0.26063025,2022,8,240,0.21942857142857145,0.3284511517257517,-0.10902258029718023,0.00956729204362991,0.0014185302852802598,-0.8568844856773041
2022-08-30,0.002915976239,13.92567469,0.002640485661,0.0,0.002640485661,2022,8,242,0.22001732022474613,0.302855193489716,-0.08283787326496989,0.006801749060543108,0.0005789928630645973,-0.6501735200328144
2023-09-10,0.002806089005,9.672692235,0.007063736575,0.0,0.007063736575,2023,9,253,0.15118436639483326,0.318993952248269,-0.16780958585343572,0.00628237851843108,0.0021922913206685636,-1.3167507678251897
2022-09-26,0.002772018901,10.59492327,0.000864,0.0,0.000864,2022,9,269,0.15891458812446235,0.3155913078949469,-0.15667671977048453,0.005787046165222094,0.001758626727756264,-1.229088264705131
2022-06-22,0.002766384486,7.273341751,3.558093309,0.0,3.558093309,2022,6,173,0.9149110733311079,0.3172598946357956,0.5976511786953123,0.0081276683522537,0.03610909463443182,4.693947228746997
2024-09-06,0.002757956149,15.06545855,0.0,0.0,0.0,2024,9,250,0.20670920454975858,0.29879669310062773,-0.09208748855086915,0.008239105971283125,0.0008692285920259389,-0.7232949773471549
2024-09-05,0.002681235779,12.17949702,0.0,0.0,0.0,2024,9,249,0.1862254787014265,0.30976018232452346,-0.12353470362309696,0.005743572855724428,0.0010850003836171019,-0.9690765497352497
2023-09-15,0.002678497615,9.670838292,0.000441,0.0,0.000441,2023,9,258,0.15277403316525134,0.3191995475820684,-0.16642551441681708,0.0063125564603833395,0.002166766456985548,-1.305910209902972
